2101,Jesper, Harriot,hjesper0@tamu.edu,235.207.150.1
2103,Jolliman, Siffre,sjolliman2@pinterest.com,32.132.151.17
2105,Tirone, Suzy,stirone4@newyorker.com,19.187.165.119
2106,Keling, Kettie,kkeling5@bigcartel.com,237.173.28.87
2107,Findlow, Alonso,afindlow6@newyorker.com,235.244.133.120
2109,McCuish, Nefen,nmccuish8@army.mil,157.188.44.240
2110,Audley, Tresa,taudley9@telegraph.co.uk,128.67.230.45
2111,Chilles, Tallie,tchillesa@google.com,110.68.113.127
2113,Coughlin, Abagail,acoughlinc@ameblo.jp,205.139.134.96
2114,Bilbey, Jilleen,jbilbeyd@desdev.cn,174.240.229.41
2115,Danell, Elnora,edanelle@sfgate.com,85.243.6.165
2116,Ingamells, Jeanette,jingamellsf@va.gov,23.21.4.163
2117,Mariotte, Davis,dmariotteg@marriott.com,255.208.234.197
2118,Pether, Matti,mpetherh@purevolume.com,14.85.146.104
2119,Maltby, Verile,vmaltbyi@usatoday.com,46.68.224.142
2121,Ollerenshaw, Benyamin,bollerenshawk@cafepress.com,19.157.17.218
2122,Mullany, Luise,lmullanyl@liveinternet.ru,91.116.7.124
2123,Blacklawe, Tine,tblacklawem@cbslocal.com,109.197.67.198
2125,Balogh, Damian,dbalogho@businesswire.com,81.105.119.35
2126,Hembrow, Cissiee,chembrowp@who.int,119.128.91.27
2127,Welford, Rosella,rwelfordq@ebay.co.uk,46.223.232.152
2129,Le Brun, Ignaz,ilebruns@newyorker.com,13.144.78.22
2130,Benjefield, Malvina,mbenjefieldt@businessweek.com,162.207.200.199
2131,Barmby, Di,dbarmbyu@google.com.hk,125.234.76.66
2132,Pawlett, Ag,apawlettv@purevolume.com,229.249.33.136
2133,Teresia, Rani,rteresiaw@1und1.de,252.216.1.116
2134,Kersting, Faye,fkerstingx@histats.com,161.112.58.14
2135,Rozet, Amargo,arozety@goo.gl,3.15.20.150
2136,Worden, Annora,awordenz@abc.net.au,151.124.228.81
2137,Dassindale, Conant,cdassindale10@census.gov,51.71.59.70
2139,Sarvar, Joshuah,jsarvar12@live.com,191.78.243.113
2140,Duggen, Hillie,hduggen13@ucoz.ru,218.162.153.14
2141,Jerg, Aluin,ajerg14@abc.net.au,82.112.160.19
2143,Fould, Sadella,sfould16@nba.com,215.223.7.143
2144,Thelwll, Phoebe,pthelwll17@columbia.edu,136.11.229.206
2145,Allday, Mathilda,mallday18@reference.com,237.124.125.192
2146,Jacobsohn, Betty,bjacobsohn19@naver.com,50.42.207.44
2147,Looks, Jamaal,jlooks1a@themeforest.net,167.188.109.141
2148,MacClinton, Ambur,amacclinton1b@marketwatch.com,193.40.85.60
2149,Regitz, Zea,zregitz1c@whitehouse.gov,220.164.41.236
2150,Dunsire, Ara,adunsire1d@dedecms.com,188.94.81.159
2151,Astall, Emmalyn,eastall1e@wsj.com,44.238.41.75
2153,Dimbleby, Marsh,mdimbleby1g@smugmug.com,48.136.186.109
2154,McCreery, Loraine,lmccreery1h@elegantthemes.com,134.189.47.195
2155,Timlin, Lindsey,ltimlin1i@senate.gov,77.86.232.110
2157,De Wolfe, Jefferey,jdewolfe1k@va.gov,175.97.123.234
2158,O'Noland, Sibylle,sonoland1l@miibeian.gov.cn,85.168.25.212
2159,Stollsteimer, Camilla,cstollsteimer1m@deviantart.com,238.144.88.108
2160,Tootell, Nell,ntootell1n@skyrock.com,140.243.173.251
2161,Macklam, Ricoriki,rmacklam1o@lulu.com,100.139.117.253
2162,Kleyn, Ardith,akleyn1p@wunderground.com,80.185.72.246
2163,Stirzaker, Vania,vstirzaker1q@nsw.gov.au,230.174.65.16
2165,Rummery, Marla,mrummery1s@symantec.com,189.106.207.11
2166,Shier, Zoe,zshier1t@goo.gl,28.42.249.87
2167,Wilbraham, Gennie,gwilbraham1u@google.de,2.116.47.183
2168,Antoniewicz, Terry,tantoniewicz1v@vk.com,92.141.111.162
2169,Davioud, Rhodie,rdavioud1w@blogger.com,118.102.42.228
2171,Sewley, Korella,ksewley1y@umich.edu,76.167.225.202
2173,Woolcocks, Kym,kwoolcocks20@europa.eu,58.156.10.10
2175,Dennehy, Rosa,rdennehy22@deviantart.com,62.197.99.121
2176,Crapper, Bambi,bcrapper23@over-blog.com,11.186.47.151
2177,McLay, Rudy,rmclay24@issuu.com,125.107.66.156
2178,Scrase, Alyda,ascrase25@dropbox.com,188.160.76.206
2179,Twort, Taylor,ttwort26@google.com.au,34.76.93.240
2181,Bennallck, Lowe,lbennallck28@si.edu,232.106.239.153
2182,Stivey, Nickola,nstivey29@bigcartel.com,211.235.234.70
2183,Catling, Elihu,ecatling2a@foxnews.com,160.242.41.106
2185,Bayless, Ruttger,rbayless2c@apple.com,97.41.108.146
2187,Hearl, Dahlia,dhearl2e@biglobe.ne.jp,94.77.76.248
2189,Trigg, Erhart,etrigg2g@goo.gl,133.136.183.73
2190,Laweles, Adelice,alaweles2h@lulu.com,164.106.231.49
2191,Millson, Malvina,mmillson2i@pbs.org,201.194.177.188
2192,Mackinder, Ladonna,lmackinder2j@mediafire.com,176.28.197.77
2193,Sloss, Gertie,gsloss2k@china.com.cn,247.102.123.68
2195,Upfold, Dinah,dupfold2m@mashable.com,170.40.2.127
2196,O'Griffin, Billye,bogriffin2n@tmall.com,155.220.176.136
2197,Swynley, Arnie,aswynley2o@businessinsider.com,170.201.113.155
2199,Biskupek, Dianne,dbiskupek2q@rediff.com,163.199.252.221
2200,Lindstrom, Emmalyn,elindstrom2r@cloudflare.com,227.55.134.177
2201,Penson, Rodrigo,rpenson2s@techcrunch.com,168.28.218.185
2203,Hayworth, Ethelred,ehayworth2u@gmpg.org,60.114.199.226
2205,Bemrose, Amitie,abemrose2w@webeden.co.uk,244.216.34.193
2206,Trodd, Bonita,btrodd2x@nbcnews.com,126.160.147.201
2207,Bartoleyn, Britt,bbartoleyn2y@liveinternet.ru,153.81.223.9
2208,Giacomozzo, Judith,jgiacomozzo2z@cam.ac.uk,224.224.102.103
2209,Emby, Vannie,vemby30@japanpost.jp,71.151.237.237
2210,D'Aubney, Brady,bdaubney31@bigcartel.com,87.178.2.78
2211,Wadmore, Livvy,lwadmore32@people.com.cn,181.129.217.63
2213,Coffin, Cicily,ccoffin34@ebay.com,30.15.31.185
2214,Nevitt, Arabella,anevitt35@fema.gov,160.116.225.80
2215,Diver, Galvin,gdiver36@nationalgeographic.com,142.5.243.72
2216,Gimert, Helaina,hgimert37@amazon.de,89.121.86.166
2217,Bowshire, Rafael,rbowshire38@mail.ru,251.228.145.218
2219,Callaby, Lolly,lcallaby3a@squarespace.com,208.59.8.36
2220,Stopps, Eula,estopps3b@japanpost.jp,138.10.158.17
2221,Georgiades, Keslie,kgeorgiades3c@i2i.jp,235.71.48.233
2222,Pashenkov, Sosanna,spashenkov3d@cisco.com,172.15.109.46
2223,Christopherson, Florette,fchristopherson3e@wired.com,15.75.58.42
2225,Retallick, Clifford,cretallick3g@hc360.com,164.198.46.101
2226,Krelle, Selle,skrelle3h@hhs.gov,75.83.170.105
2227,Reynard, Joletta,jreynard3i@china.com.cn,46.148.177.173
2228,Orkney, Orelia,oorkney3j@abc.net.au,221.123.103.225
2229,Bartkowiak, Derril,dbartkowiak3k@networksolutions.com,51.52.154.40
2231,Carlesso, Durante,dcarlesso3m@reuters.com,16.29.77.222
2233,Kornyakov, Noam,nkornyakov3o@deviantart.com,197.110.254.51
2235,Vigours, Dieter,dvigours3q@businesswire.com,35.97.144.239
2237,Dight, Joell,jdight3s@weather.com,119.123.52.162
2238,Skilton, Beret,bskilton3t@discovery.com,189.10.225.38
2239,Collisson, Teriann,tcollisson3u@g.co,38.175.36.187
2241,Wisniowski, Abigail,awisniowski3w@shareasale.com,173.254.80.230
2242,Gubbin, Lilly,lgubbin3x@telegraph.co.uk,3.87.198.55
2243,Common, Colene,ccommon3y@vk.com,1.19.130.156
2244,Keune, Belia,bkeune3z@slate.com,31.214.139.168
2245,Sarch, Ewen,esarch40@hc360.com,236.165.124.212
2246,Neising, Nissa,nneising41@nature.com,44.54.222.90
2247,Broadfield, Felicia,fbroadfield42@plala.or.jp,96.123.26.235
2249,Hobben, Brody,bhobben44@studiopress.com,27.32.94.90
2251,Sturgis, Brew,bsturgis46@sun.com,208.17.238.31
2253,Gallamore, Vladamir,vgallamore48@wunderground.com,35.81.234.101
2254,Alanbrooke, Melamie,malanbrooke49@hhs.gov,253.6.202.62
2255,Samsworth, Ettie,esamsworth4a@omniture.com,140.197.109.102
2256,Wewell, Nananne,nwewell4b@go.com,42.218.113.227
2257,Tersay, Dorisa,dtersay4c@npr.org,170.38.146.105
2259,D'Andrea, Harriet,hdandrea4e@twitter.com,26.239.37.8
2260,Arnell, Arliene,aarnell4f@eventbrite.com,230.110.27.211
2261,Porcher, Davy,dporcher4g@oakley.com,205.201.183.91
2262,Heaffey, Cynthea,cheaffey4h@vimeo.com,103.142.94.72
2263,Bloy, Brewer,bbloy4i@google.ca,21.206.219.1
2264,Senchenko, Estrella,esenchenko4j@myspace.com,222.123.38.39
2265,Fredi, Bev,bfredi4k@nba.com,52.75.8.70
2266,Salomon, Vanessa,vsalomon4l@discuz.net,57.7.151.237
2267,Waddilow, Vaughn,vwaddilow4m@gizmodo.com,217.114.200.61
2268,Trouel, Eirena,etrouel4n@unesco.org,36.159.39.15
2269,Gorsse, Osmond,ogorsse4o@myspace.com,129.175.124.144
2271,Belhome, Willi,wbelhome4q@deliciousdays.com,27.222.183.236
2273,Eilhersen, Gina,geilhersen4s@narod.ru,204.66.110.253
2274,Sharville, Biddie,bsharville4t@bloomberg.com,198.128.187.179
2275,Wray, Adolphus,awray4u@opensource.org,13.120.3.31
2277,Bebis, Elisha,ebebis4w@cnet.com,90.200.118.12
2279,Fargher, Jannelle,jfargher4y@storify.com,192.215.8.32
2281,Strang, Guglielma,gstrang50@noaa.gov,140.4.138.97
2282,Parslow, Thomasa,tparslow51@acquirethisname.com,120.214.73.151
2283,Conant, Bartholemy,bconant52@timesonline.co.uk,190.206.55.100
2285,Bundey, Haydon,hbundey54@nih.gov,172.212.80.106
2287,Lathleiffure, Christoforo,clathleiffure56@ning.com,21.22.170.23
2289,Whetson, Dicky,dwhetson58@newyorker.com,110.124.139.223
2291,Spraggon, Auberta,aspraggon5a@cornell.edu,76.164.211.216
2292,Pullan, Jasmine,jpullan5b@wordpress.org,206.201.165.186
2293,Colleran, Lew,lcolleran5c@wsj.com,240.100.13.241
2294,Skeete, Tyne,tskeete5d@sciencedirect.com,253.231.126.66
2295,Mea, Caterina,cmea5e@cnet.com,151.93.176.13
2297,Amer, Oralee,oamer5g@nationalgeographic.com,33.171.207.8
2299,Risely, Quinton,qrisely5i@cnet.com,175.74.190.124
2300,Everill, Phyllys,peverill5j@eepurl.com,243.22.225.124
2301,Lilleyman, Morris,mlilleyman5k@biglobe.ne.jp,36.197.50.239
2302,Gavaran, Clerissa,cgavaran5l@si.edu,211.251.122.46
2303,Drewry, Delinda,ddrewry5m@indiatimes.com,89.4.244.173
2304,McIlmorie, Flor,fmcilmorie5n@google.nl,192.19.247.135
2305,Woodcraft, Mack,mwoodcraft5o@cdbaby.com,44.9.51.185
2306,Stollenhof, Keeley,kstollenhof5p@drupal.org,173.103.223.44
2307,Kulic, Ranee,rkulic5q@eepurl.com,221.196.31.117
2309,Delong, Dorry,ddelong5s@imageshack.us,102.85.19.104
2310,Melody, Zia,zmelody5t@infoseek.co.jp,140.90.1.119
2311,Wigginton, Clementine,cwigginton5u@newsvine.com,62.5.193.187
2312,Toulmin, Truda,ttoulmin5v@ocn.ne.jp,183.25.169.112
2313,Swanton, D'arcy,dswanton5w@oaic.gov.au,136.99.7.175
2315,Harmstone, Annalee,aharmstone5y@gravatar.com,69.251.62.90
2316,Boggis, Brittany,bboggis5z@cbsnews.com,31.168.79.84
2317,Leteurtre, Loren,lleteurtre60@house.gov,138.81.197.49
2318,Videler, Cammy,cvideler61@dailymotion.com,188.248.126.142
2319,Strothers, Brit,bstrothers62@thetimes.co.uk,75.129.48.205
2321,Woolfoot, Hallsy,hwoolfoot64@imageshack.us,140.213.149.251
2323,Kensley, Avis,akensley66@comsenz.com,238.226.22.255
2324,Silvermann, Micki,msilvermann67@microsoft.com,194.24.76.225
2325,Lomb, Rudd,rlomb68@reddit.com,224.33.199.14
2326,Ashfold, Debbie,dashfold69@wix.com,242.252.56.247
2327,Kamen, Tabby,tkamen6a@princeton.edu,204.198.140.101
2329,Marriner, Maryl,mmarriner6c@github.com,84.230.66.6
2331,Neno, Margie,mneno6e@telegraph.co.uk,67.23.51.217
2333,Bembrigg, Merrie,mbembrigg6g@mtv.com,219.144.16.121
2335,Bushe, Slade,sbushe6i@issuu.com,37.6.117.84
2337,Brazil, Baudoin,bbrazil6k@omniture.com,49.81.212.13
2338,Woodruffe, Linea,lwoodruffe6l@pagesperso-orange.fr,94.10.182.155
2339,Minchinton, Titos,tminchinton6m@yandex.ru,180.29.16.84
2341,Connors, Rayshell,rconnors6o@sohu.com,119.227.155.255
2342,Canland, Barbara-anne,bcanland6p@wisc.edu,181.233.31.125
2343,Benterman, Erhard,ebenterman6q@bandcamp.com,185.94.13.94
2345,Pedrozzi, Umeko,upedrozzi6s@theatlantic.com,159.80.195.137
2346,South, Seka,ssouth6t@soup.io,208.101.18.194
2347,Balme, Roselle,rbalme6u@blinklist.com,204.64.167.12
2349,Clifford, Ashley,aclifford6w@jugem.jp,145.73.109.108
2351,Robbings, Rhett,rrobbings6y@msn.com,208.101.34.251
2353,Boich, Caldwell,cboich70@woothemes.com,186.0.158.123
2355,Ollis, Saunders,sollis72@seattletimes.com,246.168.96.94
2356,Duffer, Lenette,lduffer73@cnbc.com,46.35.19.254
2357,Lorent, Raimund,rlorent74@ca.gov,108.171.197.237
2358,Redsull, Chere,credsull75@who.int,35.8.46.100
2359,Filipowicz, Godiva,gfilipowicz76@yandex.ru,214.226.99.61
2360,Outridge, Vivia,voutridge77@berkeley.edu,95.81.98.61
2361,MacLese, Ulrick,umaclese78@yelp.com,111.62.16.129
2362,Primrose, Ermentrude,eprimrose79@jigsy.com,202.238.200.221
2363,Votier, Nata,nvotier7a@nba.com,97.199.157.175
2365,Cuerdall, Chilton,ccuerdall7c@github.io,90.70.183.73
2366,Partkya, Mona,mpartkya7d@examiner.com,156.113.251.12
2367,Barkshire, Kristine,kbarkshire7e@washington.edu,149.68.76.182
2368,Pinckstone, Haley,hpinckstone7f@cam.ac.uk,97.86.135.231
2369,Ricards, Alvin,aricards7g@ca.gov,129.199.42.116
2371,Truelove, Palm,ptruelove7i@forbes.com,14.3.112.208
2372,Sewley, Britt,bsewley7j@google.cn,169.112.205.78
2373,Iliffe, Yvonne,yiliffe7k@discuz.net,104.65.219.233
2375,Ianson, Ninnetta,nianson7m@blogspot.com,51.101.110.56
2377,Dible, Ivy,idible7o@myspace.com,113.29.178.167
2378,Addicott, Kiley,kaddicott7p@imgur.com,33.218.65.103
2379,Grazier, Elsinore,egrazier7q@intel.com,152.29.15.105
2380,Rottenbury, Fredelia,frottenbury7r@tmall.com,162.144.31.40
2381,Brilon, Tiffany,tbrilon7s@sogou.com,145.129.1.201
2382,Banaszewski, Cecilius,cbanaszewski7t@symantec.com,143.102.115.145
2383,Eady, Chet,ceady7u@hubpages.com,35.132.208.141
2384,Alvaro, Demetria,dalvaro7v@about.com,216.192.22.209
2385,Trayton, Dare,dtrayton7w@cargocollective.com,190.35.239.208
2387,Nacey, Dar,dnacey7y@weather.com,178.128.66.166
2389,Linfoot, Aymer,alinfoot80@canalblog.com,187.253.69.86
2391,Elcox, Hastie,helcox82@businessinsider.com,155.37.58.22
2393,Durrance, Sena,sdurrance84@tmall.com,58.114.190.87
2395,Scocroft, Marquita,mscocroft86@livejournal.com,252.239.93.67
2396,Weedall, Darcie,dweedall87@digg.com,124.222.26.45
2397,Overstreet, Anabel,aoverstreet88@wordpress.org,43.194.249.63
2398,Izhakov, Damaris,dizhakov89@cbc.ca,207.137.23.87
2399,Domotor, Evaleen,edomotor8a@cloudflare.com,69.229.159.214
2400,Eymor, Sonny,seymor8b@ftc.gov,129.197.77.117
2401,Origan, Lina,lorigan8c@jimdo.com,70.165.166.157
2402,Kytley, Loraine,lkytley8d@sbwire.com,27.28.171.40
2403,Muslim, Terrel,tmuslim8e@slideshare.net,185.133.121.139
2404,Dahler, Lisabeth,ldahler8f@merriam-webster.com,206.55.46.146
2405,McEnery, Victoria,vmcenery8g@live.com,135.162.72.239
2407,Haken, Jobye,jhaken8i@timesonline.co.uk,102.17.140.40
2409,Chason, Gert,gchason8k@reference.com,204.115.96.87
2410,Eberlein, Aliza,aeberlein8l@scribd.com,16.176.199.171
2411,Buterton, Catherine,cbuterton8m@odnoklassniki.ru,234.183.139.157
2413,Benasik, Gabby,gbenasik8o@seattletimes.com,34.155.164.26
2414,Malling, Sena,smalling8p@networkadvertising.org,176.149.198.131
2415,Loffill, Marlene,mloffill8q@feedburner.com,20.69.32.117
2416,Niesel, Jania,jniesel8r@typepad.com,232.87.180.243
2417,Selwyne, Marya,mselwyne8s@feedburner.com,110.118.137.213
2418,D'Ruel, Jeannette,jdruel8t@salon.com,184.252.175.38
2419,Iddy, Eddie,eiddy8u@hatena.ne.jp,45.121.130.107
2420,Espin, Marjorie,mespin8v@vistaprint.com,12.8.164.30
2421,Wightman, Roana,rwightman8w@opera.com,171.221.195.145
2422,Moakler, Suzie,smoakler8x@nytimes.com,23.77.143.108
2423,Orsay, Darius,dorsay8y@theguardian.com,85.122.71.86
2424,Reddings, Gladi,greddings8z@census.gov,242.6.39.202
2425,Sinclar, Sophia,ssinclar90@de.vu,177.113.102.182
2427,Pichan, Modesty,mpichan92@google.nl,138.248.125.199
2428,Sherebrook, Violetta,vsherebrook93@sun.com,147.120.215.223
2429,De Vere, Joella,jdevere94@sun.com,235.250.194.85
2430,Pallesen, Chloe,cpallesen95@taobao.com,40.2.2.218
2431,Strickland, Hanny,hstrickland96@plala.or.jp,151.143.97.153
2432,Doncaster, Cathyleen,cdoncaster97@eepurl.com,180.116.172.122
2433,Lynd, Hildagarde,hlynd98@paypal.com,138.159.238.160
2434,Ribbens, Nellie,nribbens99@ycombinator.com,161.154.213.224
2435,Midghall, Teodor,tmidghall9a@netvibes.com,52.119.217.146
2436,Ellar, Candra,cellar9b@hhs.gov,97.216.66.140
2437,Lammers, Claire,clammers9c@sourceforge.net,83.180.154.166
2439,Poate, Ainslie,apoate9e@shop-pro.jp,118.131.1.207
2441,Duetschens, Leigh,lduetschens9g@wunderground.com,114.226.213.104
2442,Davydychev, Carine,cdavydychev9h@icio.us,44.149.183.61
2443,Bowller, Rozanne,rbowller9i@sbwire.com,180.168.97.223
2445,Piccop, Chrissy,cpiccop9k@usa.gov,204.158.21.20
2446,Prestney, Morgan,mprestney9l@sourceforge.net,73.226.4.45
2447,Tremain, Christina,ctremain9m@networksolutions.com,4.133.174.236
2448,Sandars, Juanita,jsandars9n@foxnews.com,2.79.152.252
2449,Corradetti, Ethelin,ecorradetti9o@un.org,160.163.52.21
2450,Fellgett, Atlanta,afellgett9p@trellian.com,194.58.15.87
2451,Packer, Craggy,cpacker9q@t.co,25.108.96.184
2453,Claisse, Billy,bclaisse9s@studiopress.com,214.237.85.100
2454,Scroggins, Demetris,dscroggins9t@xinhuanet.com,70.16.1.250
2455,Mintoff, Lira,lmintoff9u@buzzfeed.com,128.172.98.79
2456,Izzard, Brooks,bizzard9v@blogtalkradio.com,235.40.187.113
2457,Jedraszczyk, Cindy,cjedraszczyk9w@blogger.com,202.234.29.12
2458,Longman, Ulla,ulongman9x@hatena.ne.jp,225.218.155.66
2459,Chedgey, Ignacius,ichedgey9y@usnews.com,198.148.200.79
2460,Moulding, Sabine,smoulding9z@nature.com,29.191.226.213
2461,Guerrier, Channa,cguerriera0@ning.com,172.54.109.26
2463,Stalf, Michael,mstalfa2@trellian.com,117.123.49.89
2464,Nesbitt, Ingaborg,inesbitta3@technorati.com,114.199.128.151
2465,Wipper, Otes,owippera4@simplemachines.org,48.108.114.89
2466,Hucknall, Adelice,ahucknalla5@hao123.com,46.21.31.33
2467,Pischof, Kristen,kpischofa6@yellowbook.com,127.7.99.115
2468,Durrett, Marnie,mdurretta7@amazonaws.com,201.233.107.233
2469,Vaughten, Huey,hvaughtena8@tiny.cc,40.89.246.86
2470,Wolffers, Regan,rwolffersa9@prweb.com,150.240.42.216
2471,Ranner, Selle,sranneraa@ebay.co.uk,167.212.35.255
2473,Undrill, Lorin,lundrillac@wordpress.com,124.119.213.209
2475,Padefield, Ericha,epadefieldae@jugem.jp,104.162.209.147
2476,Thewys, Ericha,ethewysaf@nbcnews.com,207.124.24.216
2477,Thirlwell, Vickie,vthirlwellag@wunderground.com,237.125.138.62
2478,Dorrian, Sondra,sdorrianah@privacy.gov.au,162.176.108.73
2479,Meyrick, Candi,cmeyrickai@umn.edu,244.241.112.161
2480,Turnell, Kellsie,kturnellaj@zdnet.com,143.65.20.169
2481,Juares, Lanie,ljuaresak@ustream.tv,239.165.186.210
2482,Saye, Malia,msayeal@eepurl.com,154.6.3.210
2483,Waker, Cindee,cwakeram@economist.com,52.72.115.146
2485,Dunkerk, Lebbie,ldunkerkao@businesswire.com,188.172.68.120
2486,Boat, Amandie,aboatap@sitemeter.com,169.81.193.234
2487,Blamire, Tamas,tblamireaq@reference.com,147.49.230.68
2488,Combe, Florri,fcombear@theglobeandmail.com,65.244.17.142
2489,Boanas, Amalie,aboanasas@behance.net,59.40.227.134
2491,Sedwick, Coreen,csedwickau@psu.edu,156.212.74.53
2493,Vannikov, Mallory,mvannikovaw@newyorker.com,223.192.239.129
2494,Buttel, Julee,jbuttelax@themeforest.net,72.148.178.82
2495,Cowpertwait, Penelope,pcowpertwaitay@jalbum.net,217.232.144.156
2496,Hedau, Eugenia,ehedauaz@theguardian.com,243.150.95.108
2497,Tysack, Jerri,jtysackb0@google.com,162.229.152.68
2498,Nairne, Katheryn,knairneb1@wufoo.com,110.152.63.149
2499,Sidebotham, Tony,tsidebothamb2@prlog.org,64.173.70.39
2500,Hardin, Birdie,bhardinb3@webs.com,27.163.13.17
2501,Checci, Shayna,scheccib4@sitemeter.com,245.248.255.238
2503,Dickson, Teddie,tdicksonb6@telegraph.co.uk,80.121.173.65
2504,Cowen, Collen,ccowenb7@blogger.com,129.247.21.73
2505,Swindon, Enoch,eswindonb8@networksolutions.com,62.1.14.161
2507,Meere, Beilul,bmeereba@chronoengine.com,49.209.146.15
2508,Cashman, Tedda,tcashmanbb@nature.com,186.239.2.147
2509,Oseland, Uriah,uoselandbc@samsung.com,134.80.67.27
2510,Cattanach, Charlot,ccattanachbd@fastcompany.com,3.165.251.3
2511,Pagin, Tull,tpaginbe@hatena.ne.jp,171.181.141.111
2513,Mowbray, Ertha,emowbraybg@cdc.gov,148.21.213.226
2514,Reinisch, Kristen,kreinischbh@hubpages.com,236.220.29.131
2515,Alfonsetti, Cory,calfonsettibi@so-net.ne.jp,129.49.10.99
2517,Brotherwood, Jefferey,jbrotherwoodbk@godaddy.com,63.198.149.77
2519,Carous, Chaddy,ccarousbm@psu.edu,237.133.3.42
2521,Theis, Ritchie,rtheisbo@acquirethisname.com,82.157.151.104
2522,Gordge, Coleman,cgordgebp@umich.edu,216.104.41.31
2523,Sidebotton, Rosaline,rsidebottonbq@taobao.com,91.83.106.148
2524,Jereatt, Carleen,cjereattbr@plala.or.jp,159.115.16.200
2525,Chitham, Miller,mchithambs@gizmodo.com,59.19.157.80
2527,Wattam, Lotty,lwattambu@earthlink.net,212.63.134.17
2528,Weetch, Catherine,cweetchbv@moonfruit.com,250.228.124.143
2529,Rahill, Oby,orahillbw@hugedomains.com,8.95.73.210
2530,Rimmington, Mandi,mrimmingtonbx@sohu.com,163.112.214.236
2531,Whittington, Cobbie,cwhittingtonby@examiner.com,188.46.252.172
2533,Coulton, Bennie,bcoultonc0@phoca.cz,161.70.45.173
2534,Wharby, Felecia,fwharbyc1@csmonitor.com,163.47.181.204
2535,Dudgeon, Brander,bdudgeonc2@barnesandnoble.com,93.12.49.134
2537,Richley, Filmore,frichleyc4@mozilla.com,57.149.160.78
2539,Lasty, Vail,vlastyc6@mozilla.org,87.63.105.49
2541,Brabon, Sam,sbrabonc8@etsy.com,164.164.169.53
2543,Korf, Orrin,okorfca@nhs.uk,251.220.26.109
2545,Von Der Empten, Curt,cvonderemptencc@huffingtonpost.com,203.176.22.222
2547,Gerault, Dennet,dgeraultce@privacy.gov.au,177.205.76.17
2548,Finey, Cassaundra,cfineycf@foxnews.com,6.109.46.147
2549,Kybird, Rhetta,rkybirdcg@earthlink.net,158.210.158.221
2551,Lemerie, Fleurette,flemerieci@google.com,245.159.105.6
2553,Bosquet, Guglielma,gbosquetck@wix.com,230.147.81.131
2555,Judge, Ibby,ijudgecm@networksolutions.com,246.50.13.11
2557,O'Shee, Hendrika,hosheeco@blogtalkradio.com,162.14.128.93
2558,Court, Celestyn,ccourtcp@slideshare.net,47.190.213.154
2559,Bulpitt, Norma,nbulpittcq@naver.com,205.242.102.182
2560,Schultz, Davina,dschultzcr@foxnews.com,116.211.183.173
2561,Yeardley, Eadmund,eyeardleycs@yale.edu,237.88.80.165
2562,Kierans, Geneva,gkieransct@nature.com,158.87.243.104
2563,McCallam, Corrina,cmccallamcu@squarespace.com,126.34.44.78
2564,Sheals, La verne,lshealscv@51.la,22.101.5.227
2565,Wabb, Lina,lwabbcw@google.co.jp,57.207.3.81
2567,Esseby, Redford,ressebycy@tripadvisor.com,124.212.155.195
2568,Malcher, Miranda,mmalchercz@google.co.uk,178.187.139.201
2569,Sullens, Lennard,lsullensd0@ycombinator.com,2.26.55.119
2570,Edwins, Kalle,kedwinsd1@merriam-webster.com,223.103.132.77
2571,Plum, Danella,dplumd2@themeforest.net,249.113.219.120
2572,Ferriere, Theo,tferriered3@amazon.com,71.162.199.247
2573,Marmyon, Fredric,fmarmyond4@blogs.com,17.68.67.71
2575,Rittelmeyer, Fonsie,frittelmeyerd6@google.pl,31.58.8.40
2576,Greaser, Olivie,ogreaserd7@booking.com,28.179.93.78
2577,Severn, Rosalyn,rsevernd8@wired.com,38.128.247.222
2578,Caddick, Marthena,mcaddickd9@digg.com,211.70.92.171
2579,Windus, Bernita,bwindusda@flickr.com,97.120.206.41
2580,De la Feld, Claudelle,cdelafelddb@facebook.com,137.132.28.51
2581,Tinker, Berton,btinkerdc@addtoany.com,57.99.218.38
2583,Phelps, Berta,bphelpsde@cocolog-nifty.com,122.71.199.96
2584,Fagence, Kaleena,kfagencedf@house.gov,158.162.227.252
2585,Jedrzejewski, Doe,djedrzejewskidg@printfriendly.com,85.8.126.126
2586,Sturror, Donni,dsturrordh@godaddy.com,29.245.214.104
2587,Spalton, Bartlett,bspaltondi@ox.ac.uk,211.252.42.6
2588,Shadrach, Mirilla,mshadrachdj@rediff.com,209.2.109.107
2589,Trillo, Sonnnie,strillodk@mac.com,21.242.240.241
2591,McWhin, Vincenz,vmcwhindm@archive.org,152.134.176.10
2593,Foxon, Lidia,lfoxondo@cocolog-nifty.com,147.63.121.115
2595,Harpham, Jason,jharphamdq@patch.com,247.190.39.140
2596,Million, Wallie,wmilliondr@tinypic.com,55.140.51.223
2597,Glastonbury, Patty,pglastonburyds@webeden.co.uk,62.195.102.138
2599,Everley, Aileen,aeverleydu@issuu.com,135.198.15.195
2600,Ping, Katharina,kpingdv@cdbaby.com,214.157.55.242
2601,Sabati, Darleen,dsabatidw@loc.gov,186.63.104.97
2602,Tavinor, Angelica,atavinordx@theatlantic.com,17.33.211.185
2603,McCathay, Sheila-kathryn,smccathaydy@loc.gov,163.100.239.114
2604,Parke, Aretha,aparkedz@ox.ac.uk,78.34.178.52
2605,Neylon, Claire,cneylone0@cisco.com,107.225.5.101
2607,McGilroy, Terrel,tmcgilroye2@timesonline.co.uk,58.42.62.96
2608,Duffer, Timmi,tduffere3@telegraph.co.uk,232.219.231.130
2609,Prendiville, Hamil,hprendivillee4@discuz.net,109.123.77.46
2611,Antoniades, Dev,dantoniadese6@behance.net,115.249.111.211
2613,de'-Ancy Willis, Zandra,zdeancywillise8@dailymotion.com,43.244.222.137
2615,Tythe, Ransell,rtytheea@myspace.com,127.251.132.40
2617,Storre, Boote,bstorreec@unicef.org,19.234.1.174
2618,Wimmers, Martha,mwimmersed@virginia.edu,145.3.6.95
2619,Munroe, Corly,cmunroeee@ftc.gov,215.140.238.161
2621,Fitzgerald, Daffie,dfitzgeraldeg@ifeng.com,147.236.130.125
2623,Croom, Hazel,hcroomei@wunderground.com,43.36.245.47
2624,Latchford, Gennie,glatchfordej@prweb.com,121.135.39.2
2625,Park, Rudy,rparkek@drupal.org,245.190.58.157
2626,Hearthfield, Rasia,rhearthfieldel@usa.gov,85.173.23.213
2627,Strainge, Barbey,bstraingeem@mapy.cz,39.80.151.10
2628,Woollard, Jacenta,jwoollarden@cnbc.com,241.152.222.184
2629,Freke, Willey,wfrekeeo@yahoo.com,169.215.195.209
2630,Terbrugge, Emiline,eterbruggeep@google.de,242.50.235.216
2631,Housen, Tanney,thouseneq@oracle.com,166.189.248.84
2633,Rodliff, Melicent,mrodliffes@youtu.be,103.102.140.130
2635,Isherwood, Angie,aisherwoodeu@chicagotribune.com,195.170.224.253
2636,Ashington, Vallie,vashingtonev@geocities.jp,171.158.148.223
2637,Le Noury, Enriqueta,elenouryew@360.cn,134.5.149.80
2638,McCurrie, Fayre,fmccurrieex@cdc.gov,159.95.159.112
2639,Becken, Piotr,pbeckeney@godaddy.com,120.46.148.0
2640,Sorensen, Berthe,bsorensenez@huffingtonpost.com,124.44.247.81
2641,Tilio, Aldo,atiliof0@bloglines.com,117.45.168.174
2642,Iacobetto, Rozanne,riacobettof1@lycos.com,136.36.193.98
2643,Dufton, Cornell,cduftonf2@psu.edu,106.252.107.54
2645,Aingel, Bald,baingelf4@indiatimes.com,228.188.47.255
2646,Kubas, Stephannie,skubasf5@yellowbook.com,146.253.88.189
2647,McKnish, Town,tmcknishf6@seattletimes.com,104.147.34.241
2648,Zuenelli, Cathi,czuenellif7@wired.com,243.31.62.214
2649,Chateau, Gisele,gchateauf8@seesaa.net,36.98.66.250
2650,Jeavon, Adda,ajeavonf9@slate.com,211.142.43.118
2651,Cousin, Jimmy,jcousinfa@acquirethisname.com,209.134.94.35
2652,Gilham, Cora,cgilhamfb@vinaora.com,128.213.90.82
2653,Cristofolini, Oliviero,ocristofolinifc@simplemachines.org,224.98.247.250
2654,Screech, Daryl,dscreechfd@latimes.com,87.76.138.63
2655,Della Scala, Tuckie,tdellascalafe@mozilla.com,37.89.126.114
2656,Tudbald, Florette,ftudbaldff@mtv.com,240.76.180.122
2657,Jeyness, Stefanie,sjeynessfg@friendfeed.com,8.170.206.88
2658,Shwalbe, Nike,nshwalbefh@google.ca,231.116.215.122
2659,Antoniou, Honoria,hantonioufi@1688.com,32.207.133.193
2660,Twoohy, Giustina,gtwoohyfj@mayoclinic.com,162.48.183.31
2661,Carmel, Brandyn,bcarmelfk@com.com,181.141.179.249
2663,Turfitt, Arel,aturfittfm@usda.gov,130.112.2.131
2665,Wybrow, Donna,dwybrowfo@jalbum.net,108.88.114.252
2666,Darth, Eudora,edarthfp@furl.net,4.168.70.198
2667,MacPhaden, Rouvin,rmacphadenfq@utexas.edu,31.174.97.74
2668,Briatt, Ilysa,ibriattfr@bbb.org,38.209.184.32
2669,Burridge, Giff,gburridgefs@godaddy.com,70.94.90.233
2670,Taberner, Janka,jtabernerft@hatena.ne.jp,236.144.121.132
2671,Manuaud, Tamar,tmanuaudfu@yahoo.co.jp,114.183.233.200
2673,Ivashov, Quintana,qivashovfw@vimeo.com,192.163.47.202
2675,Thalmann, Whitby,wthalmannfy@mapy.cz,18.181.76.198
2676,Budleigh, Floris,fbudleighfz@yandex.ru,93.202.245.123
2677,Beake, Tisha,tbeakeg0@wikispaces.com,163.12.49.205
2679,Darbishire, Audi,adarbishireg2@ask.com,207.12.249.186
2681,Karlicek, Damian,dkarlicekg4@oracle.com,159.106.53.158
2682,Vassano, Marybelle,mvassanog5@youtube.com,220.168.131.75
2683,Jezzard, Dani,djezzardg6@istockphoto.com,159.42.180.58
2685,Fipp, Fannie,ffippg8@a8.net,100.164.232.197
2686,Stears, Harmonia,hstearsg9@cornell.edu,87.217.114.78
2687,Prine, Toby,tprinega@fastcompany.com,83.95.226.72
2688,Strete, Callida,cstretegb@earthlink.net,91.140.247.16
2689,Orable, Winny,worablegc@guardian.co.uk,148.205.28.219
2690,Foskew, Devora,dfoskewgd@diigo.com,156.161.154.246
2691,Duck, Franklin,fduckge@si.edu,255.49.157.80
2693,Vaughan, Betti,bvaughangg@indiegogo.com,135.190.84.13
2694,O'Doherty, Sigrid,sodohertygh@yellowbook.com,103.197.132.127
2695,McNeely, Maury,mmcneelygi@technorati.com,106.159.72.230
2697,McGowing, Tynan,tmcgowinggk@merriam-webster.com,91.80.230.111
2698,Murrum, Shae,smurrumgl@hibu.com,14.1.76.79
2699,Mallabund, Micky,mmallabundgm@earthlink.net,197.83.143.90
2701,Du Hamel, Lissy,lduhamelgo@prnewswire.com,90.14.242.95
2702,Veevers, Edie,eveeversgp@ovh.net,197.241.15.28
2703,McKmurrie, Aldis,amckmurriegq@cbslocal.com,75.123.160.187
2705,Tutt, Darryl,dtuttgs@discuz.net,165.164.154.171
2707,Pedler, Tracy,tpedlergu@eventbrite.com,82.4.175.244
2708,Poge, Dionis,dpogegv@tripadvisor.com,184.161.84.128
2709,Booker, Harwilll,hbookergw@photobucket.com,83.237.161.15
2710,Lander, Casey,clandergx@yolasite.com,144.111.217.173
2711,Saxelby, Wilhelmina,wsaxelbygy@yelp.com,21.53.50.221
2712,Gregan, Lind,lgregangz@addtoany.com,133.99.169.239
2713,Scarsbrooke, Jaine,jscarsbrookeh0@wunderground.com,232.186.101.134
2714,McCurtain, Rhianna,rmccurtainh1@dot.gov,50.32.231.180
2715,McArthur, Amandy,amcarthurh2@meetup.com,180.219.4.86
2717,Kniveton, Eolanda,eknivetonh4@hugedomains.com,53.118.8.21
2719,McCoy, Gilbert,gmccoyh6@tamu.edu,216.108.239.78
2721,Abreheart, Fabien,fabrehearth8@sciencedaily.com,141.122.197.208
2723,Gradley, Rosana,rgradleyha@cnet.com,163.151.134.74
2725,Kalderon, Angeline,akalderonhc@yandex.ru,113.160.93.153
2727,Ennals, Annabel,aennalshe@foxnews.com,227.228.218.137
2729,McMichan, Chariot,cmcmichanhg@reuters.com,1.15.111.158
2731,Tuhy, Marvin,mtuhyhi@tripadvisor.com,165.217.47.187
2733,Eastwell, Ethan,eeastwellhk@shutterfly.com,197.180.50.177
2734,Fullerlove, Inglebert,ifullerlovehl@meetup.com,148.14.98.2
2735,Di Carlo, Selene,sdicarlohm@stanford.edu,242.222.30.223
2736,Boyle, Fanchon,fboylehn@patch.com,76.67.188.84
2737,Gonthard, Anette,agonthardho@omniture.com,121.240.58.111
2738,McKintosh, Lavinie,lmckintoshhp@vimeo.com,255.212.21.162
2739,Gotter, Theodore,tgotterhq@csmonitor.com,126.139.66.209
2740,Liffey, Clem,cliffeyhr@google.com.br,56.53.14.172
2741,Trunby, Casi,ctrunbyhs@pen.io,185.160.169.123
2743,Eadmeades, Curran,ceadmeadeshu@bbc.co.uk,133.47.247.222
2744,Newburn, Anselma,anewburnhv@nih.gov,105.169.94.234
2745,Gittings, Claudian,cgittingshw@goo.ne.jp,252.45.153.41
2747,Wayt, Linea,lwaythy@geocities.jp,159.151.88.28
2749,Grigoryov, Garold,ggrigoryovi0@merriam-webster.com,178.26.195.154
2751,Wyndham, Erny,ewyndhami2@smh.com.au,197.187.159.41
2752,Lanchbery, Gilbertine,glanchberyi3@wordpress.org,139.84.101.250
2753,Pettigree, Lefty,lpettigreei4@weather.com,245.225.191.244
2754,Filippucci, Gabrielle,gfilippuccii5@flickr.com,158.146.28.27
2755,Bratton, Baryram,bbrattoni6@sourceforge.net,238.84.41.211
2757,Grimble, Reeva,rgrimblei8@wired.com,145.28.85.32
2759,Marrett, Mallory,mmarrettia@delicious.com,84.46.241.99
2761,Levicount, Stuart,slevicountic@is.gd,178.5.99.22
2762,Treble, Rosanne,rtrebleid@cmu.edu,144.115.18.86
2763,Greest, Tana,tgreestie@sina.com.cn,6.109.183.144
2764,Haysey, Rodina,rhayseyif@businesswire.com,193.102.110.98
2765,Child, Kory,kchildig@tumblr.com,116.129.144.80
2766,Masdin, Albertine,amasdinih@webeden.co.uk,165.170.93.145
2767,Cobbled, Avram,acobbledii@t-online.de,214.209.220.149
2768,Seligson, Leshia,lseligsonij@timesonline.co.uk,141.175.147.175
2769,Shury, Dotty,dshuryik@yellowbook.com,110.135.37.77
2771,Manuel, Verge,vmanuelim@123-reg.co.uk,150.29.80.114
2773,Angood, Bronnie,bangoodio@unicef.org,4.16.196.71
2774,Middleditch, Bel,bmiddleditchip@google.nl,80.171.123.216
2775,Hamnett, Sallyanne,shamnettiq@elegantthemes.com,227.8.253.173
2777,De Roberto, Jyoti,jderobertois@nydailynews.com,229.49.163.20
2779,Nicholas, Thorpe,tnicholasiu@bravesites.com,233.203.25.196
2781,Carroll, Alejandra,acarrolliw@ovh.net,236.29.232.151
2782,Smee, Elnora,esmeeix@house.gov,42.208.203.202
2783,Worlidge, Jackie,jworlidgeiy@mail.ru,194.240.29.122
2784,Randles, Levy,lrandlesiz@mysql.com,110.95.151.19
2785,McAllester, Jennette,jmcallesterj0@sciencedirect.com,188.199.213.159
2786,Oxby, Myranda,moxbyj1@ca.gov,252.60.215.153
2787,Gaggen, Ozzie,ogaggenj2@alexa.com,12.8.141.95
2788,Yu, Brenn,byuj3@ebay.com,66.173.156.175
2789,Castellaccio, Eloise,ecastellaccioj4@1und1.de,86.250.181.250
2790,Gerrietz, Janeen,jgerrietzj5@posterous.com,80.159.104.80
2791,Vasichev, Christiana,cvasichevj6@ucla.edu,234.168.182.22
2792,Tuck, Bamby,btuckj7@intel.com,68.105.63.40
2793,Hancill, Ozzy,ohancillj8@thetimes.co.uk,228.79.46.139
2795,Wasson, Kalindi,kwassonja@discovery.com,143.180.160.224
2797,Willis, Jerrilee,jwillisjc@go.com,9.122.208.31
2799,MacGilfoyle, Barny,bmacgilfoyleje@redcross.org,144.106.45.211
2800,Giorgietto, Cassy,cgiorgiettojf@comcast.net,2.58.109.51
2801,Silwood, Allianora,asilwoodjg@fotki.com,94.70.101.215
2802,Langhorn, Jacquette,jlanghornjh@google.cn,221.111.215.145
2803,Dudden, Tate,tduddenji@yandex.ru,183.180.241.208
2805,Davidovici, Bernadette,bdavidovicijk@uol.com.br,207.193.55.247
2806,Gilsthorpe, Louise,lgilsthorpejl@blinklist.com,157.209.86.111
2807,Frango, Cahra,cfrangojm@blogspot.com,142.175.215.76
2808,Philliphs, Lesya,lphilliphsjn@webnode.com,245.43.211.178
2809,Cleyburn, Gallard,gcleyburnjo@bluehost.com,108.33.234.255
2811,Farfoot, Herminia,hfarfootjq@slate.com,172.249.13.8
2812,Burnard, Chloe,cburnardjr@livejournal.com,219.24.162.122
2813,Ferraraccio, Archibold,aferraracciojs@webnode.com,170.152.42.80
2814,Dowsing, Deb,ddowsingjt@netscape.com,151.121.173.128
2815,Powlett, Maddalena,mpowlettju@auda.org.au,218.41.155.179
2817,Northey, Antoine,anortheyjw@youtube.com,19.239.89.70
2819,Stealy, Bev,bstealyjy@w3.org,14.247.79.1
2820,Beagan, Pavla,pbeaganjz@flickr.com,54.176.68.176
2821,Gatty, Peria,pgattyk0@bloglines.com,205.172.142.87
2822,Sawkins, Mead,msawkinsk1@netlog.com,115.154.211.6
2823,Inde, Abigail,aindek2@fastcompany.com,252.74.177.39
2824,Binfield, Wendi,wbinfieldk3@marketwatch.com,110.68.66.126
2825,Badcock, Anthe,abadcockk4@arizona.edu,48.101.112.4
2826,Rookeby, Lorita,lrookebyk5@free.fr,203.166.189.106
2827,Cogman, Bentlee,bcogmank6@linkedin.com,214.56.14.12
2828,Whye, Jaclin,jwhyek7@cbc.ca,179.227.109.211
2829,Jupp, Hartwell,hjuppk8@spotify.com,130.26.162.165
2830,Brownsmith, Peggy,pbrownsmithk9@canalblog.com,96.37.36.203
2831,Saunper, Archibaldo,asaunperka@vk.com,154.21.230.98
2833,Raigatt, Xymenes,xraigattkc@wikimedia.org,14.176.164.0
2834,Myatt, Evonne,emyattkd@skyrock.com,142.152.167.74
2835,Whiskin, Adair,awhiskinke@amazon.de,58.171.132.27
2836,Haack, Cathi,chaackkf@reuters.com,118.51.109.253
2837,Wilflinger, Cristie,cwilflingerkg@youtu.be,225.54.160.96
2838,Korf, Karyl,kkorfkh@addtoany.com,183.48.167.126
2839,Jonuzi, Vince,vjonuziki@youtube.com,108.251.207.45
2840,Rapper, Jerry,jrapperkj@go.com,41.53.150.64
2841,De Caroli, Rollin,rdecarolikk@ucoz.ru,192.139.6.134
2843,Cuddehay, Ahmed,acuddehaykm@pbs.org,218.114.251.8
2844,Rummer, Cristine,crummerkn@163.com,160.72.61.6
2845,Watling, Marquita,mwatlingko@tinyurl.com,200.40.29.104
2846,Sollon, Kathleen,ksollonkp@last.fm,52.174.89.1
2847,Birkin, Cicely,cbirkinkq@a8.net,39.110.197.120
2849,Behnen, Zebulen,zbehnenks@sitemeter.com,223.105.66.237
2850,Dilnot, Amalea,adilnotkt@slideshare.net,107.29.106.29
2851,Vassall, Myles,mvassallku@ehow.com,241.254.180.140
2852,Chaundy, Chastity,cchaundykv@deviantart.com,119.22.25.83
2853,Catton, Tobit,tcattonkw@tiny.cc,156.59.13.54
2854,Berthel, Lulita,lberthelkx@1und1.de,145.54.120.52
2855,Elland, Jobye,jellandky@noaa.gov,135.122.138.110
2857,Chesley, Kevon,kchesleyl0@yellowbook.com,66.32.19.73
2859,Leedes, Ryan,rleedesl2@engadget.com,48.120.253.160
2860,McMichan, Eberto,emcmichanl3@ustream.tv,194.60.123.234
2861,Ogilby, Wilburt,wogilbyl4@macromedia.com,113.10.148.125
2862,Thomazet, Brittne,bthomazetl5@goo.gl,43.68.226.7
2863,Kohrsen, Trever,tkohrsenl6@mlb.com,57.33.182.130
2864,Philliphs, Kara-lynn,kphilliphsl7@cdc.gov,217.113.248.80
2865,Linnitt, Reynolds,rlinnittl8@zimbio.com,253.166.248.106
2866,Delong, Tory,tdelongl9@discuz.net,248.198.201.115
2867,Ogilvie, Brier,bogilviela@wsj.com,106.239.49.148
2869,Featherston, Burton,bfeatherstonlc@free.fr,204.52.37.152
2870,Bendik, Kacy,kbendikld@woothemes.com,115.33.104.212
2871,Casina, Kristos,kcasinale@zdnet.com,27.84.194.196
2873,Avrashin, Eadie,eavrashinlg@cmu.edu,203.184.164.72
2874,Pretsell, Petra,ppretselllh@netscape.com,58.120.103.188
2875,Macallam, Land,lmacallamli@microsoft.com,132.87.85.251
2876,Pickworth, Devan,dpickworthlj@ovh.net,86.131.202.250
2877,Gleaves, Phillie,pgleaveslk@cbc.ca,120.179.250.157
2878,Shemwell, Con,cshemwellll@hc360.com,106.34.69.21
2879,Kilgallon, Donavon,dkilgallonlm@constantcontact.com,146.94.61.170
2880,Grimoldby, Marleen,mgrimoldbyln@weather.com,205.229.239.79
2881,Dicty, Gregor,gdictylo@salon.com,79.137.117.88
2883,Habeshaw, Elfie,ehabeshawlq@ycombinator.com,66.65.207.88
2884,Burkhill, Kandy,kburkhilllr@uiuc.edu,8.27.220.199
2885,Brandrick, Halsey,hbrandrickls@globo.com,64.78.25.29
2886,Beinisch, Annette,abeinischlt@bigcartel.com,208.1.204.81
2887,Halse, Legra,lhalselu@techcrunch.com,14.106.122.59
2889,Raoul, Mar,mraoullw@stanford.edu,188.17.194.93
2890,Mulrooney, Claudelle,cmulrooneylx@usgs.gov,222.32.120.1
2891,Collins, Kalvin,kcollinsly@godaddy.com,179.210.220.117
2892,Painten, Lorry,lpaintenlz@google.pl,171.59.28.234
2893,Collyear, Fulton,fcollyearm0@epa.gov,141.221.203.54
2894,Scaife, Blanch,bscaifem1@wikia.com,19.164.93.97
2895,Britton, Luce,lbrittonm2@google.fr,208.84.255.22
2897,Van den Dael, Jerald,jvandendaelm4@dailymotion.com,21.11.141.52
2899,Trahear, Cointon,ctrahearm6@wordpress.org,60.47.76.103
2900,Grigorio, Ravid,rgrigoriom7@geocities.com,52.252.30.33
2901,Erdely, Kaitlin,kerdelym8@wix.com,137.146.200.22
2902,Dominichetti, Daffie,ddominichettim9@nps.gov,15.64.12.217
2903,Corkish, Erie,ecorkishma@ft.com,145.153.109.62
2905,Wrist, Travers,twristmc@youtube.com,12.248.151.254
2907,Orgee, Anderson,aorgeeme@wordpress.org,146.134.241.24
2909,Bolle, Byron,bbollemg@theguardian.com,247.17.47.25
2911,Grealey, Sherry,sgrealeymi@cafepress.com,151.178.16.185
2912,Hawksby, Marcelline,mhawksbymj@nasa.gov,35.15.179.174
2913,Schult, Beverly,bschultmk@washingtonpost.com,72.1.60.213
2914,Bascomb, Kev,kbascombml@printfriendly.com,160.109.212.13
2915,Darch, Darrell,ddarchmm@t.co,221.158.52.225
2917,Biskupiak, Orelle,obiskupiakmo@odnoklassniki.ru,123.45.204.18
2918,Probart, Jolee,jprobartmp@amazon.com,55.50.39.158
2919,Snowden, Jenica,jsnowdenmq@jugem.jp,192.54.134.179
2920,McKissack, Perl,pmckissackmr@dyndns.org,168.158.19.60
2921,Thornton, Hildegaard,hthorntonms@infoseek.co.jp,36.14.6.173
2922,Rewbottom, Tara,trewbottommt@ovh.net,59.165.143.132
2923,Measom, Les,lmeasommu@google.ru,130.29.72.207
2924,Casse, Celestia,ccassemv@spiegel.de,50.107.96.95
2925,Dower, Earvin,edowermw@cafepress.com,4.12.163.4
2927,Burdekin, Clyde,cburdekinmy@fotki.com,16.203.110.241
2928,Persehouse, Maridel,mpersehousemz@ihg.com,79.230.214.219
2929,Mitchall, Lawton,lmitchalln0@wunderground.com,213.17.131.61
2930,Savatier, Reta,rsavatiern1@skype.com,190.140.180.8
2931,Trime, Elyse,etrimen2@icio.us,78.185.149.121
2932,Alleyn, Shae,salleynn3@redcross.org,118.56.54.192
2933,Raggatt, Ferguson,fraggattn4@ftc.gov,168.114.82.2
2935,Eccles, Sloane,secclesn6@abc.net.au,17.191.141.96
2937,Riseley, Ignacius,iriseleyn8@about.com,129.145.180.110
2939,Samter, Simmonds,ssamterna@over-blog.com,58.175.70.88
2940,Furniss, Dore,dfurnissnb@cmu.edu,79.128.253.173
2941,Deeprose, Benny,bdeeprosenc@purevolume.com,208.150.240.78
2943,Merrikin, Melosa,mmerrikinne@reference.com,198.96.114.60
2944,Pargiter, Ertha,epargiternf@yahoo.co.jp,48.208.189.147
2945,Asty, Leilah,lastyng@wordpress.com,126.174.212.230
2947,Seagood, Jeanne,jseagoodni@soundcloud.com,201.33.140.69
2948,Atchly, Coreen,catchlynj@multiply.com,228.133.229.155
2949,Camden, Nonah,ncamdennk@aboutads.info,97.58.80.152
2950,Edridge, Rebekkah,redridgenl@addtoany.com,57.121.254.189
2951,Thornebarrow, Amalita,athornebarrownm@uiuc.edu,200.184.34.31
2953,Dobbings, Jase,jdobbingsno@jigsy.com,198.126.167.149
2954,Proughten, Holli,hproughtennp@nsw.gov.au,184.18.82.109
2955,Munehay, Keith,kmunehaynq@prlog.org,224.82.39.125
2956,Darwent, Kerianne,kdarwentnr@nytimes.com,100.12.57.159
2957,Thomerson, Melisande,mthomersonns@dailymotion.com,245.113.157.253
2958,Hamshere, Cornela,chamsherent@army.mil,153.197.55.167
2959,Hovee, Salvidor,shoveenu@hubpages.com,117.65.134.37
2961,Ick, Montgomery,micknw@oakley.com,222.232.29.34
2962,Alabaster, Andie,aalabasternx@123-reg.co.uk,234.25.229.26
2963,Breche, Skylar,sbrecheny@hexun.com,190.62.104.84
2965,Gricewood, Lucien,lgricewoodo0@amazon.co.jp,131.136.227.121
2967,Scorton, Upton,uscortono2@etsy.com,120.9.204.220
2968,Symson, Hillier,hsymsono3@google.es,61.125.227.35
2969,Pavelin, Rochester,rpavelino4@theatlantic.com,215.159.232.187
2971,Byrd, Fidelio,fbyrdo6@mit.edu,37.52.87.39
2973,Garrity, Thorn,tgarrityo8@yale.edu,41.205.233.10
2975,Rabjohns, Angela,arabjohnsoa@jimdo.com,191.211.23.232
2977,Varley, Kora,kvarleyoc@123-reg.co.uk,125.112.123.78
2978,Wellesley, Giordano,gwellesleyod@creativecommons.org,141.144.148.242
2979,Lissaman, Susanetta,slissamanoe@google.it,58.104.60.43
2980,Brandes, Marjory,mbrandesof@aol.com,14.62.228.106
2981,Frostdick, Perry,pfrostdickog@edublogs.org,215.133.0.224
2983,Skehens, Adlai,askehensoi@webnode.com,188.132.111.161
2984,Syce, Pam,psyceoj@spotify.com,41.200.121.41
2985,Wegenen, Chaunce,cwegenenok@yahoo.co.jp,248.86.135.24
2986,Sabberton, Nelie,nsabbertonol@redcross.org,121.30.45.0
2987,Elan, Graehme,gelanom@google.de,49.233.196.184
2989,McIlwrath, Anny,amcilwrathoo@mysql.com,41.150.97.109
2990,Grindall, Rebe,rgrindallop@webs.com,13.16.127.121
2991,Horrell, Mordecai,mhorrelloq@auda.org.au,159.23.253.35
2992,Konertz, Cloe,ckonertzor@google.co.uk,156.233.228.221
2993,Paulig, Peggie,ppauligos@webs.com,71.26.161.33
2994,Hasling, Carmon,chaslingot@tamu.edu,79.11.151.193
2995,Bullcock, Krispin,kbullcockou@auda.org.au,114.65.110.119
2997,Siuda, Oliy,osiudaow@ox.ac.uk,67.162.180.198
2998,Pagin, Romonda,rpaginox@istockphoto.com,222.247.173.200
2999,Sherme, Delaney,dshermeoy@cnbc.com,219.174.220.128
3001,De Cristoforo, Granger,gdecristoforop0@dailymail.co.uk,138.187.45.43
3003,Trude, Meyer,mtrudep2@prlog.org,212.201.92.150
3004,Versey, Nickie,nverseyp3@cisco.com,232.100.130.184
3005,Stenbridge, Alonzo,astenbridgep4@angelfire.com,205.16.22.159
3007,Dunkirk, Bary,bdunkirkp6@blinklist.com,5.189.56.104
3008,Samweyes, Mirabella,msamweyesp7@ucoz.com,171.85.250.88
3009,Riordan, Laural,lriordanp8@baidu.com,250.12.125.126
3011,Palmby, Pattin,ppalmbypa@who.int,49.96.238.132
3012,McCane, Gabi,gmccanepb@hud.gov,243.57.254.186
3013,Matyugin, Jehu,jmatyuginpc@mac.com,224.240.36.99
3014,Kenyam, Bax,bkenyampd@hp.com,0.57.46.176
3015,Nairy, Penrod,pnairype@gnu.org,82.191.168.168
3016,Gilardoni, Frazier,fgilardonipf@bandcamp.com,91.70.148.148
3017,Tunny, Susi,stunnypg@alexa.com,214.85.112.247
3019,Matieu, Saw,smatieupi@histats.com,210.169.241.191
3021,Silbersak, Town,tsilbersakpk@naver.com,138.144.204.78
3023,Monkton, Aloin,amonktonpm@baidu.com,202.27.208.162
3025,Hilling, Esther,ehillingpo@dailymotion.com,14.97.231.194
3027,Simoneschi, Drud,dsimoneschipq@amazonaws.com,104.195.95.55
3028,Stayt, Onfroi,ostaytpr@t.co,143.192.80.16
3029,Phelan, Gregory,gphelanps@lycos.com,15.166.65.136
3031,Mariette, Perry,pmariettepu@yellowpages.com,76.11.33.190
3032,Gravener, Warde,wgravenerpv@homestead.com,236.204.210.57
3033,Hurche, Richard,rhurchepw@oracle.com,97.248.168.86
3035,Bread, Horatius,hbreadpy@hud.gov,181.142.44.165
3037,Lowfill, Skip,slowfillq0@wunderground.com,65.138.89.161
3038,Bouller, Emilia,eboullerq1@msu.edu,54.209.122.11
3039,Poundford, Ginnie,gpoundfordq2@upenn.edu,84.160.209.56
3040,Spradbery, Yevette,yspradberyq3@multiply.com,106.9.154.177
3041,Siemons, Jobi,jsiemonsq4@wisc.edu,168.117.138.47
3042,Ewenson, Erinn,eewensonq5@de.vu,190.192.169.154
3043,Stebbing, Norrie,nstebbingq6@whitehouse.gov,79.6.172.235
3044,Tivolier, Jacqui,jtivolierq7@spotify.com,154.177.111.26
3045,Sillito, Ritchie,rsillitoq8@kickstarter.com,82.245.200.108
3046,Vawton, Stefanie,svawtonq9@squarespace.com,149.112.65.49
3047,Dine-Hart, Dale,ddinehartqa@nature.com,135.65.91.169
3048,Sprade, Chere,cspradeqb@mayoclinic.com,91.7.120.103
3049,Blandamore, Sheba,sblandamoreqc@apache.org,174.50.148.20
3051,Witherdon, Rochette,rwitherdonqe@google.es,108.111.47.197
3053,Matussov, Prudi,pmatussovqg@eventbrite.com,115.139.175.158
3054,Kauschke, Becky,bkauschkeqh@stanford.edu,152.90.91.26
3055,Foffano, Rahel,rfoffanoqi@salon.com,165.236.248.3
3057,Tivnan, Jamesy,jtivnanqk@ycombinator.com,247.134.213.135
3059,Goligly, Claudelle,cgoliglyqm@freewebs.com,119.14.137.233
3060,Bufton, Honoria,hbuftonqn@stanford.edu,191.106.136.14
3061,Leathem, Elisabeth,eleathemqo@reference.com,0.194.22.51
3063,Attenborough, Cary,cattenboroughqq@admin.ch,74.53.70.175
3065,Peak, Shannan,speakqs@utexas.edu,170.61.87.190
3066,Hatliff, Olia,ohatliffqt@biglobe.ne.jp,63.104.100.241
3067,Bramo, Caterina,cbramoqu@shop-pro.jp,30.73.189.111
3069,Weedon, Laurie,lweedonqw@etsy.com,157.31.58.68
3070,Bailess, Harlene,hbailessqx@ameblo.jp,138.89.194.178
3071,Doodney, Cyb,cdoodneyqy@bravesites.com,218.182.94.111
3072,Wallenger, Nerti,nwallengerqz@mediafire.com,35.212.33.252
3073,Jenking, Nani,njenkingr0@dot.gov,192.104.185.236
3075,Kilius, Giusto,gkiliusr2@linkedin.com,200.70.89.200
3077,Giraudy, Maddi,mgiraudyr4@npr.org,137.125.70.28
3078,Winter, Morgana,mwinterr5@digg.com,215.82.93.147
3079,Jirasek, Joseph,jjirasekr6@1688.com,167.188.58.184
3080,Vann, Ashli,avannr7@infoseek.co.jp,202.15.246.61
3081,O' Reagan, Leanor,loreaganr8@typepad.com,51.192.108.204
3083,Neasham, Salim,sneashamra@printfriendly.com,88.116.190.4
3084,Vischi, Pierrette,pvischirb@mit.edu,120.45.189.118
3085,Hugk, Leland,lhugkrc@ucsd.edu,91.14.216.103
3086,Runcieman, Fey,frunciemanrd@independent.co.uk,177.42.153.31
3087,Minigo, Maren,mminigore@tripadvisor.com,239.135.49.45
3088,Stoakley, Marris,mstoakleyrf@narod.ru,239.31.255.214
3089,McLuckie, Rourke,rmcluckierg@cocolog-nifty.com,125.246.85.242
3091,Blagburn, Jodee,jblagburnri@home.pl,130.28.242.191
3093,Batie, Esme,ebatierk@foxnews.com,239.66.215.212
3095,Dunridge, Bat,bdunridgerm@amazon.com,17.72.43.150
3097,Ottewell, Moss,mottewellro@bing.com,44.241.245.122
3098,Berrisford, Silvain,sberrisfordrp@123-reg.co.uk,81.142.236.213
3099,Archbald, Ede,earchbaldrq@nymag.com,203.76.167.158
