id,first_name,last_name,email,gender,ip_address
101,Lemmy,Klulik,lklulik0@elegantthemes.com,Male,48.39.143.200
102,Nonah,Mcwhinney,nmcwhinney1@berkeley.edu,Female,218.47.248.172
103,Katrine,Hallock,khallock2@mozilla.org,Genderfluid,193.113.10.72
104,Joline,Drinkhall,jdrinkhall3@google.com.au,Female,30.205.96.35
105,Bunnie,Woofendell,bwoofendell4@pinterest.com,Female,126.233.10.246
106,Curcio,Leyden,cleyden5@youku.com,Male,149.246.0.62
107,Skipper,Speeks,sspeeks6@pen.io,Polygender,78.255.92.168
108,Ertha,Tappin,etappin7@plala.or.jp,Female,76.119.50.145
109,Cliff,Stevings,cstevings8@artisteer.com,Male,8.151.114.132
110,Hebert,Schooley,hschooley9@de.vu,Male,170.35.164.199
111,Addi,Dreger,adregera@ft.com,Female,225.234.208.5
112,Ginnifer,Ouldred,gouldredb@zdnet.com,Female,175.76.120.101
113,Janie,Marrow,jmarrowc@gov.uk,Female,75.55.236.107
114,Celina,Nutt,cnuttd@theglobeandmail.com,Female,65.166.120.65
115,Jennie,Eddie,jeddiee@blogspot.com,Agender,212.253.188.120
116,Fionnula,Braunter,fbraunterf@twitpic.com,Female,148.217.216.134
117,Talia,Cowwell,tcowwellg@pagesperso-orange.fr,Female,224.77.208.28
118,Gael,Tewkesberry,gtewkesberryh@trellian.com,Male,67.190.169.136
119,Kakalina,Duchesne,kduchesnei@wisc.edu,Female,163.88.20.241
120,Tracey,Costigan,tcostiganj@plala.or.jp,Female,107.236.182.248
121,Drusi,Milner,dmilnerk@china.com.cn,Female,75.148.55.135
122,Andria,Casarili,acasarilil@cargocollective.com,Genderfluid,126.205.139.167
123,Nari,Hambrook,nhambrookm@mediafire.com,Female,200.152.225.84
124,Prince,Duferie,pduferien@redcross.org,Male,182.120.113.187
125,Cristy,Scorah,cscoraho@issuu.com,Female,65.28.194.129
126,Stevana,Spinke,sspinkep@gnu.org,Female,156.222.88.92
127,Obadias,Welchman,owelchmanq@uol.com.br,Male,245.73.188.93
128,Carter,Cella,ccellar@privacy.gov.au,Male,132.114.190.237
129,Josh,Nardrup,jnardrups@163.com,Agender,243.5.244.149
130,Happy,Nijssen,hnijssent@google.com,Female,251.247.216.34
131,Odessa,Beedie,obeedieu@tuttocitta.it,Female,188.6.130.72
132,Ashlan,Spinke,aspinkev@live.com,Female,75.223.246.18
133,Pet,Wrigglesworth,pwrigglesworthw@booking.com,Female,209.101.225.235
134,Curran,Maloney,cmaloneyx@nydailynews.com,Male,6.213.214.202
135,Annis,Monahan,amonahany@sfgate.com,Female,167.92.192.19
136,Barr,Hutchings,bhutchingsz@usda.gov,Male,20.158.217.109
137,Derrik,Normanvill,dnormanvill10@homestead.com,Male,205.207.57.52
138,Garth,Lownsbrough,glownsbrough11@princeton.edu,Male,8.32.18.90
139,Em,Lisamore,elisamore12@dion.ne.jp,Polygender,172.226.134.39
140,Rebe,Chrippes,rchrippes13@vk.com,Female,219.145.228.99
141,Neal,Allard,nallard14@bing.com,Non-binary,227.0.58.67
142,Tedman,Foltin,tfoltin15@blogspot.com,Male,114.239.253.213
143,Baxie,Crocroft,bcrocroft16@exblog.jp,Male,13.46.160.231
144,Mickey,Wonham,mwonham17@chicagotribune.com,Male,240.94.34.65
145,Orv,Ceeley,oceeley18@arstechnica.com,Agender,70.34.167.181
146,Tull,Bacon,tbacon19@1688.com,Male,102.203.36.64
147,Felicle,Yude,fyude1a@house.gov,Female,90.124.53.86
148,Douglas,Dunnan,ddunnan1b@delicious.com,Male,15.223.109.166
149,Hunfredo,Morehall,hmorehall1c@people.com.cn,Male,97.156.113.235
150,Barn,Possa,bpossa1d@unesco.org,Male,83.238.144.135
151,Gibbie,Ranald,granald1e@soundcloud.com,Male,72.78.167.169
152,Ansell,Rahill,arahill1f@livejournal.com,Male,155.108.91.218
153,Orv,Cowope,ocowope1g@miibeian.gov.cn,Male,138.67.9.253
154,Arnold,Kibblewhite,akibblewhite1h@intel.com,Male,225.46.43.93
155,Kimberlyn,Barnardo,kbarnardo1i@techcrunch.com,Female,35.198.145.150
156,Reid,Adriani,radriani1j@github.com,Male,108.75.42.129
157,Loreen,Haresnaip,lharesnaip1k@bloglines.com,Female,203.200.221.202
158,Barbabas,Fredi,bfredi1l@walmart.com,Male,218.142.126.60
159,Maitilde,Dray,mdray1m@vk.com,Female,216.147.137.235
160,Ferdinand,Reide,freide1n@sina.com.cn,Male,141.32.144.56
161,Em,Chetwin,echetwin1o@dagondesign.com,Genderfluid,40.45.195.110
162,Alecia,Blanchette,ablanchette1p@fastcompany.com,Female,166.218.35.233
163,Herb,Matthensen,hmatthensen1q@nature.com,Male,223.67.247.80
164,Em,Farens,efarens1r@illinois.edu,Male,98.184.105.45
165,Luciana,Forward,lforward1s@cafepress.com,Female,22.178.177.116
166,Tove,Mea,tmea1t@bandcamp.com,Female,156.131.234.215
167,Nikola,Reimer,nreimer1u@cocolog-nifty.com,Male,146.193.215.136
168,Trefor,Glyne,tglyne1v@paginegialle.it,Male,103.204.116.177
169,Stoddard,Breadon,sbreadon1w@abc.net.au,Female,219.152.251.99
170,Jarrad,Fernie,jfernie1x@godaddy.com,Male,142.202.154.200
171,Evered,Burras,eburras1y@ebay.com,Male,2.70.246.131
172,Chas,Constance,cconstance1z@stanford.edu,Male,183.20.89.120
173,Ansel,Barraclough,abarraclough20@ezinearticles.com,Male,183.79.140.116
174,Codie,Busse,cbusse21@hexun.com,Male,30.204.223.81
175,Yurik,Taylder,ytaylder22@homestead.com,Male,231.143.7.69
176,Brenden,Meneghelli,bmeneghelli23@foxnews.com,Male,129.47.220.46
177,Angelika,Motte,amotte24@xing.com,Female,67.58.57.99
178,Arch,Melladew,amelladew25@timesonline.co.uk,Genderqueer,164.253.95.86
179,Ralph,Illiston,rilliston26@ifeng.com,Male,88.189.49.129
180,Lanni,Westpfel,lwestpfel27@ftc.gov,Female,240.222.207.87
181,Lisabeth,Parkey,lparkey28@cpanel.net,Female,193.149.26.222
182,Corena,St. Ledger,cstledger29@hibu.com,Female,170.86.184.104
183,Noel,Sigge,nsigge2a@whitehouse.gov,Male,35.0.45.135
184,Bartram,Trehearne,btrehearne2b@alexa.com,Male,214.191.187.221
185,Tiffani,Dahill,tdahill2c@comcast.net,Female,126.194.168.22
186,Mendel,Learmount,mlearmount2d@craigslist.org,Male,162.244.156.119
187,Chrissie,Ballendine,cballendine2e@godaddy.com,Female,233.17.58.219
188,Daveta,Coulston,dcoulston2f@lulu.com,Female,22.49.65.159
189,Basil,Mullinger,bmullinger2g@japanpost.jp,Male,61.22.7.149
190,Zorah,Siddons,zsiddons2h@over-blog.com,Female,48.217.175.11
191,Henderson,Braithwait,hbraithwait2i@skype.com,Male,179.75.176.202
192,Blondy,Gingles,bgingles2j@globo.com,Non-binary,99.147.125.115
193,Allistir,Whitmore,awhitmore2k@columbia.edu,Male,231.139.44.197
194,Ernestus,Paragreen,eparagreen2l@acquirethisname.com,Male,222.101.49.177
195,Kaila,Pashenkov,kpashenkov2m@wix.com,Genderfluid,116.119.110.87
196,Dur,Folca,dfolca2n@blogtalkradio.com,Male,52.247.140.110
197,Jess,Djordjevic,jdjordjevic2o@i2i.jp,Male,56.160.241.103
198,Judah,Holley,jholley2p@indiatimes.com,Male,133.195.160.203
199,Rand,Conre,rconre2q@tumblr.com,Male,2.177.105.101
200,Ruthe,Raiston,rraiston2r@w3.org,Female,13.152.202.191
201,Sammy,Pottie,spottie2s@examiner.com,Male,24.112.47.140
202,Ken,Doyle,kdoyle2t@msn.com,Male,209.135.187.66
203,Janelle,Szimon,jszimon2u@upenn.edu,Female,181.131.132.89
204,Jenine,Biner,jbiner2v@blogtalkradio.com,Agender,91.61.57.28
205,Torrin,Phebey,tphebey2w@bbb.org,Male,0.240.177.12
206,Herold,Grunwall,hgrunwall2x@lulu.com,Male,156.132.205.165
207,Anabella,Leades,aleades2y@blogs.com,Female,20.175.222.20
208,Major,Dive,mdive2z@4shared.com,Male,212.8.24.66
209,Stevie,Gregoratti,sgregoratti30@xing.com,Male,26.113.151.247
210,Raeann,Robelin,rrobelin31@ebay.co.uk,Female,94.115.172.70
211,Odie,Stonnell,ostonnell32@scribd.com,Male,222.119.24.45
212,Harry,Tumpane,htumpane33@ycombinator.com,Male,17.107.136.18
213,Sully,Ferrettini,sferrettini34@delicious.com,Male,178.169.1.86
214,Jasmina,Cammiemile,jcammiemile35@miitbeian.gov.cn,Female,115.223.218.120
215,Jerrylee,Starmer,jstarmer36@vkontakte.ru,Female,71.202.249.97
216,Si,Niezen,sniezen37@google.com.au,Male,205.196.119.213
217,Beale,Greenwood,bgreenwood38@mlb.com,Male,231.191.166.122
218,Delmore,Godden,dgodden39@dedecms.com,Male,152.27.102.18
219,Ora,Van Arsdall,ovanarsdall3a@ehow.com,Female,187.93.81.201
220,Fairleigh,Lamont,flamont3b@comsenz.com,Male,203.202.126.110
221,Kalil,Blundel,kblundel3c@examiner.com,Male,89.41.1.218
222,Jamal,Dauney,jdauney3d@fema.gov,Male,107.184.226.60
223,Rochette,Deal,rdeal3e@godaddy.com,Female,142.133.87.207
224,Dev,Bauduin,dbauduin3f@addthis.com,Male,205.235.139.119
225,Ursola,Commucci,ucommucci3g@java.com,Female,71.209.245.9
226,Curry,Humphery,chumphery3h@nymag.com,Male,113.161.77.196
227,Kakalina,Kirkness,kkirkness3i@friendfeed.com,Female,150.213.40.210
228,Franciskus,Glanz,fglanz3j@blogs.com,Male,108.4.221.172
229,Koressa,Noorwood,knoorwood3k@oaic.gov.au,Female,41.14.108.233
230,Micheil,Lanchberry,mlanchberry3l@infoseek.co.jp,Male,244.188.4.9
231,Hildagard,Bourtoumieux,hbourtoumieux3m@ifeng.com,Female,144.129.45.166
232,Roddie,Battle,rbattle3n@wp.com,Male,223.123.204.126
233,Brigham,McDill,bmcdill3o@smh.com.au,Bigender,84.218.11.68
234,Kathye,Kitchingham,kkitchingham3p@meetup.com,Female,205.179.243.236
235,Kira,Veld,kveld3q@ox.ac.uk,Female,9.206.191.31
236,Meta,Cumpton,mcumpton3r@nymag.com,Genderfluid,234.26.102.20
237,Anatola,Elliker,aelliker3s@mapy.cz,Female,17.179.246.216
238,Barbey,Domney,bdomney3t@squidoo.com,Female,150.79.155.94
239,Robena,Fallanche,rfallanche3u@infoseek.co.jp,Female,87.255.9.184
240,Morgan,Eggins,meggins3v@google.es,Female,25.44.99.11
241,Maje,Ivashkin,mivashkin3w@instagram.com,Male,82.14.132.203
242,Forrest,Dando,fdando3x@domainmarket.com,Male,57.88.177.85
243,Ange,Henryson,ahenryson3y@cargocollective.com,Male,64.178.130.117
244,Darby,Feyer,dfeyer3z@dion.ne.jp,Male,151.60.162.21
245,Clemente,McGuggy,cmcguggy40@posterous.com,Male,243.189.80.126
246,Sayers,Milmoe,smilmoe41@sphinn.com,Male,187.82.22.134
247,Hedwiga,Chrishop,hchrishop42@yale.edu,Female,33.192.250.51
248,Roberto,Pibworth,rpibworth43@w3.org,Male,174.139.73.62
249,Rhodia,Hammerberg,rhammerberg44@mapquest.com,Female,183.22.202.26
250,Moe,Diter,mditer45@sourceforge.net,Male,122.62.66.168
251,Dwight,Gwatkin,dgwatkin46@51.la,Male,58.181.63.67
252,Dex,Antyshev,dantyshev47@networksolutions.com,Male,62.254.217.215
253,Kirstyn,Tees,ktees48@si.edu,Female,227.47.120.69
254,Dulcine,Bockman,dbockman49@webs.com,Female,51.115.148.219
255,Bunnie,Irwin,birwin4a@godaddy.com,Female,115.90.198.171
256,Adelina,Sherer,asherer4b@geocities.jp,Female,157.161.206.242
257,Amabelle,Smullin,asmullin4c@fastcompany.com,Female,185.102.9.165
258,Estelle,Pitrollo,epitrollo4d@unesco.org,Female,132.0.94.234
259,Jocelyne,Fison,jfison4e@house.gov,Female,192.140.125.243
260,Parker,Maylott,pmaylott4f@twitpic.com,Male,91.45.219.202
261,Peggi,Freiberg,pfreiberg4g@army.mil,Female,3.147.241.141
262,Merilee,Kersaw,mkersaw4h@imdb.com,Female,250.47.123.156
263,Veradis,M'cowis,vmcowis4i@ezinearticles.com,Bigender,212.131.205.93
264,Mellisa,Bramer,mbramer4j@naver.com,Female,132.34.141.161
265,Arvin,Lillico,alillico4k@nhs.uk,Male,229.110.168.80
266,Emyle,Pacey,epacey4l@g.co,Female,70.247.111.143
267,Trenna,Cornels,tcornels4m@topsy.com,Female,89.201.134.56
268,Vilma,Richardes,vrichardes4n@rambler.ru,Female,159.5.95.148
269,Amil,Cogley,acogley4o@i2i.jp,Female,3.206.230.107
270,Modestia,Riche,mriche4p@epa.gov,Female,72.223.37.110
271,Clayborne,Parsley,cparsley4q@live.com,Male,163.69.167.156
272,Allix,Drennan,adrennan4r@oracle.com,Female,171.75.148.166
273,Fifine,Thorrington,fthorrington4s@accuweather.com,Agender,14.78.46.242
274,Joscelin,Perkis,jperkis4t@arstechnica.com,Genderqueer,59.225.11.22
275,Angelina,Dormand,adormand4u@yellowbook.com,Female,250.198.131.105
276,Nil,Ianiello,nianiello4v@jiathis.com,Male,218.142.4.161
277,Derek,Devey,ddevey4w@topsy.com,Male,131.241.141.223
278,Annette,Boothman,aboothman4x@cargocollective.com,Female,208.213.57.60
279,Billie,Letten,bletten4y@aboutads.info,Female,39.5.138.231
280,Simonne,Desforges,sdesforges4z@free.fr,Female,97.28.203.247
281,Douglas,Malshinger,dmalshinger50@themeforest.net,Male,243.156.9.42
282,Jackqueline,Bachellier,jbachellier51@indiatimes.com,Genderfluid,190.244.227.96
283,Albrecht,Ticksall,aticksall52@multiply.com,Male,244.107.17.111
284,Sauncho,Housecroft,shousecroft53@w3.org,Male,35.64.250.19
285,Nike,Lofthouse,nlofthouse54@dell.com,Agender,198.122.144.235
286,Janis,Mustill,jmustill55@oracle.com,Female,117.199.179.35
287,Lou,Allaway,lallaway56@geocities.jp,Male,207.121.178.220
288,Mikol,Carlesso,mcarlesso57@hatena.ne.jp,Male,129.76.46.5
289,Oby,Leaming,oleaming58@spotify.com,Male,44.245.65.43
290,Carmita,Sheron,csheron59@wikispaces.com,Female,200.57.31.218
291,Trueman,Yosifov,tyosifov5a@princeton.edu,Male,77.155.59.186
292,Nerty,Fardy,nfardy5b@globo.com,Female,148.37.196.86
293,Gasparo,Reid,greid5c@edublogs.org,Male,167.36.137.237
294,Lonnie,Henderson,lhenderson5d@fda.gov,Male,105.230.189.66
295,Vi,Fullerd,vfullerd5e@pcworld.com,Female,66.84.132.197
296,Garry,Undrell,gundrell5f@hibu.com,Male,125.65.218.155
297,Davy,Fullerd,dfullerd5g@si.edu,Male,151.117.98.11
298,Roxine,Speke,rspeke5h@xinhuanet.com,Female,240.20.205.60
299,Nancey,Brambley,nbrambley5i@rakuten.co.jp,Female,165.148.150.45
300,Connor,Pieter,cpieter5j@ifeng.com,Male,145.78.95.82
301,Curran,Pykerman,cpykerman5k@buzzfeed.com,Male,212.229.84.242
302,Cornie,Ingry,cingry5l@nhs.uk,Agender,126.205.107.27
303,Susy,Gummoe,sgummoe5m@aol.com,Female,252.192.106.128
304,Andreana,Shillabeer,ashillabeer5n@1688.com,Female,225.129.99.245
305,Berkeley,Beever,bbeever5o@stanford.edu,Male,139.190.221.9
306,Thadeus,Bellee,tbellee5p@macromedia.com,Bigender,66.185.211.147
307,Tandy,Delacroix,tdelacroix5q@theguardian.com,Female,68.146.72.45
308,Charla,Medlicott,cmedlicott5r@tripod.com,Female,130.166.233.141
309,Elise,O'Glessane,eoglessane5s@vimeo.com,Female,234.89.24.133
310,Gaynor,Bogges,gbogges5t@vkontakte.ru,Female,105.140.116.146
311,Annabel,Cranmore,acranmore5u@bandcamp.com,Agender,168.104.105.158
312,Nadya,Napthine,nnapthine5v@wikispaces.com,Female,53.94.130.7
313,Ewen,Hullot,ehullot5w@infoseek.co.jp,Male,60.209.191.20
314,Emmie,O'Brallaghan,eobrallaghan5x@naver.com,Female,103.169.37.95
315,Neill,Chisolm,nchisolm5y@usa.gov,Bigender,161.247.168.175
316,Nona,Manus,nmanus5z@smh.com.au,Female,154.170.192.105
317,Michael,Munehay,mmunehay60@posterous.com,Male,214.215.207.129
318,Helaina,Hardaker,hhardaker61@google.com,Female,253.210.163.6
319,Tiebout,Goldston,tgoldston62@163.com,Male,3.20.84.134
320,Retha,Treversh,rtreversh63@addtoany.com,Female,229.42.67.254
321,Netty,Petruszka,npetruszka64@ibm.com,Female,243.130.249.115
322,Amelie,Aronin,aaronin65@buzzfeed.com,Genderfluid,251.58.38.95
323,Sergio,Caulcott,scaulcott66@kickstarter.com,Male,249.146.67.158
324,Fitz,Soppit,fsoppit67@behance.net,Male,167.148.159.13
325,Illa,Thirkettle,ithirkettle68@reverbnation.com,Female,89.96.218.4
326,Florida,Dewhirst,fdewhirst69@google.com.au,Female,145.191.81.224
327,Valene,Matuszak,vmatuszak6a@about.me,Female,64.50.146.33
328,Tamqrah,Guyonneau,tguyonneau6b@rambler.ru,Female,236.203.98.25
329,Sher,Crocken,scrocken6c@opensource.org,Female,251.103.81.169
330,Sean,Dommersen,sdommersen6d@howstuffworks.com,Female,8.70.210.86
331,Jamaal,Johnstone,jjohnstone6e@usda.gov,Male,68.220.221.173
332,Craig,Yarham,cyarham6f@mayoclinic.com,Male,208.42.86.22
333,Paulita,Deboo,pdeboo6g@sitemeter.com,Female,243.121.19.53
334,Kiah,Dameisele,kdameisele6h@networksolutions.com,Female,92.161.56.164
335,Priscella,Poston,pposton6i@opensource.org,Female,229.109.181.242
336,Barbey,Dinsmore,bdinsmore6j@vkontakte.ru,Female,154.97.210.246
337,Nikolaos,Dennistoun,ndennistoun6k@nifty.com,Male,199.8.210.195
338,Ursula,Burleigh,uburleigh6l@businessweek.com,Female,7.22.173.173
339,Alon,Raye,araye6m@mayoclinic.com,Male,221.250.3.217
340,Coriss,Champley,cchampley6n@cbsnews.com,Female,22.148.118.159
341,Guntar,Charpling,gcharpling6o@army.mil,Male,233.184.52.22
342,Michelina,Peasnone,mpeasnone6p@un.org,Female,149.189.83.92
343,Afton,Bessom,abessom6q@huffingtonpost.com,Female,105.9.113.252
344,Zacherie,Cawley,zcawley6r@ucoz.com,Male,244.106.2.197
345,David,McPhee,dmcphee6s@rakuten.co.jp,Male,111.154.75.139
346,Clayborne,Sayer,csayer6t@phpbb.com,Male,125.70.92.181
347,Shay,Fretson,sfretson6u@tumblr.com,Male,78.120.75.246
348,Tyson,Giorgietto,tgiorgietto6v@typepad.com,Male,208.96.123.58
349,Angel,Macquire,amacquire6w@imgur.com,Male,229.162.67.255
350,Ricki,Towler,rtowler6x@globo.com,Male,251.142.235.120
351,Madel,Breinl,mbreinl6y@hatena.ne.jp,Female,131.2.248.197
352,Lorrin,Secker,lsecker6z@state.tx.us,Female,250.50.73.60
353,Lynett,Ellar,lellar70@geocities.com,Female,21.191.57.110
354,Timmie,Sancho,tsancho71@studiopress.com,Female,147.253.67.124
355,Broddy,Howsego,bhowsego72@sun.com,Male,85.182.187.131
356,Corey,Clausius,cclausius73@delicious.com,Male,232.143.46.125
357,Julissa,Hawarden,jhawarden74@sina.com.cn,Female,193.173.138.181
358,Connie,McAlarney,cmcalarney75@mapquest.com,Female,41.71.212.178
359,Drew,Mulberry,dmulberry76@who.int,Male,38.27.201.185
360,Siegfried,Confort,sconfort77@yolasite.com,Male,239.160.110.171
361,Glenine,Burchell,gburchell78@free.fr,Female,40.193.195.246
362,Ingelbert,Di Giacomo,idigiacomo79@slideshare.net,Male,100.42.237.109
363,Jorgan,Benedict,jbenedict7a@geocities.com,Male,233.228.147.185
364,Juanita,Hatliffe,jhatliffe7b@reverbnation.com,Polygender,134.200.202.151
365,Lenci,Vinten,lvinten7c@ucsd.edu,Male,132.224.205.26
366,Isahella,Worlock,iworlock7d@theguardian.com,Female,61.227.233.8
367,Justinn,Fenwick,jfenwick7e@engadget.com,Bigender,112.135.98.245
368,Quentin,Bench,qbench7f@drupal.org,Male,208.32.39.117
369,Helena,Gronaller,hgronaller7g@sbwire.com,Female,74.168.115.66
370,Verna,Robet,vrobet7h@quantcast.com,Female,206.72.56.37
371,Maury,Aukland,maukland7i@gnu.org,Male,58.145.190.55
372,Krysta,Sear,ksear7j@earthlink.net,Female,163.58.186.93
373,Denice,Dewire,ddewire7k@thetimes.co.uk,Female,220.88.41.9
374,Shaina,Gawne,sgawne7l@oakley.com,Female,215.45.54.250
375,Wilhelmina,Zambonini,wzambonini7m@homestead.com,Female,94.245.71.98
376,Alexandr,Rispen,arispen7n@domainmarket.com,Bigender,125.147.239.59
377,Earvin,Levee,elevee7o@ow.ly,Male,240.193.135.237
378,Shell,Di Biasi,sdibiasi7p@forbes.com,Male,52.70.85.123
379,Kacie,Northeast,knortheast7q@deviantart.com,Female,29.36.39.143
380,Town,Brucker,tbrucker7r@fastcompany.com,Male,111.183.71.30
381,Alick,Stoffersen,astoffersen7s@toplist.cz,Male,11.210.93.165
382,Lock,Mackstead,lmackstead7t@amazon.com,Male,13.107.92.174
383,Kristel,Blazynski,kblazynski7u@seattletimes.com,Female,36.169.42.115
384,Derek,Bodycombe,dbodycombe7v@biblegateway.com,Male,126.57.0.221
385,Phillis,Steet,psteet7w@newyorker.com,Female,162.126.187.55
386,Juliet,Corkett,jcorkett7x@sitemeter.com,Female,194.109.94.52
387,Barnabas,Plevey,bplevey7y@qq.com,Male,229.70.201.56
388,Carmine,Garvan,cgarvan7z@forbes.com,Non-binary,61.56.32.32
389,Cole,Acedo,cacedo80@addthis.com,Genderqueer,38.205.3.63
390,Cherin,Passion,cpassion81@miibeian.gov.cn,Female,116.3.155.13
391,Chas,Cornelis,ccornelis82@lulu.com,Male,242.6.1.152
392,Clayton,Legg,clegg83@gov.uk,Male,193.16.215.115
393,Duky,Allewell,dallewell84@moonfruit.com,Male,198.126.43.93
394,Franchot,Tudgay,ftudgay85@photobucket.com,Male,57.43.192.81
395,Bradford,Coe,bcoe86@ustream.tv,Male,7.36.183.44
396,Melvin,Dellow,mdellow87@adobe.com,Male,119.144.133.206
397,Jacenta,Hurne,jhurne88@gmpg.org,Female,61.111.194.182
398,Rebekah,Baxter,rbaxter89@canalblog.com,Female,237.171.177.117
399,Ketty,Henke,khenke8a@mozilla.com,Female,140.30.158.32
400,Alexio,Sandercock,asandercock8b@goo.gl,Male,141.109.102.164
401,Victoir,Bridgewater,vbridgewater8c@youtu.be,Male,217.220.91.198
402,Eileen,Yelland,eyelland8d@oracle.com,Female,184.238.103.127
403,Liv,Aulton,laulton8e@reference.com,Female,59.44.136.57
404,Alvira,Mosdill,amosdill8f@360.cn,Female,147.202.90.128
405,Daune,Fairbanks,dfairbanks8g@mashable.com,Female,125.122.233.130
406,Gregory,Clausen-Thue,gclausenthue8h@apache.org,Male,105.154.80.36
407,Jeramie,Getch,jgetch8i@hud.gov,Male,250.218.184.59
408,Kalinda,Druitt,kdruitt8j@usatoday.com,Female,154.45.183.2
409,Dorree,Dagg,ddagg8k@ocn.ne.jp,Female,14.84.180.226
410,Eryn,Swadon,eswadon8l@kickstarter.com,Female,136.70.157.85
411,Wallis,Meneo,wmeneo8m@furl.net,Male,56.14.29.90
412,Dylan,Wilhelmy,dwilhelmy8n@skyrock.com,Male,161.29.253.82
413,Philippine,Slane,pslane8o@cornell.edu,Female,252.71.178.243
414,Bradney,Adamou,badamou8p@wordpress.com,Male,55.185.146.1
415,Teddy,Andrieux,tandrieux8q@nsw.gov.au,Female,84.6.72.208
416,Uriah,Kealey,ukealey8r@mit.edu,Male,46.50.172.46
417,Stu,Vasentsov,svasentsov8s@umn.edu,Male,107.9.56.196
418,Prudi,Cawthery,pcawthery8t@dailymail.co.uk,Female,228.85.38.134
419,Nicolas,Face,nface8u@netscape.com,Male,149.175.161.206
420,Tobye,Petyanin,tpetyanin8v@usnews.com,Non-binary,52.115.87.81
421,Leanna,Dockreay,ldockreay8w@paginegialle.it,Non-binary,198.54.135.193
422,Reeva,Zorzutti,rzorzutti8x@bigcartel.com,Female,231.24.93.96
423,Gabi,Seally,gseally8y@dailymotion.com,Female,39.73.66.200
424,Winnie,Benkhe,wbenkhe8z@ucla.edu,Male,61.32.238.146
425,Damon,Yacobsohn,dyacobsohn90@unicef.org,Agender,197.47.224.169
426,Heath,Meachan,hmeachan91@marriott.com,Female,186.155.163.71
427,Samuel,Memmory,smemmory92@reverbnation.com,Male,74.234.8.21
428,Ninnetta,Tapscott,ntapscott93@china.com.cn,Female,83.101.160.187
429,Gare,Lyfe,glyfe94@pinterest.com,Male,32.96.165.251
430,Shana,Townrow,stownrow95@spotify.com,Female,151.30.172.233
431,Louie,Terzi,lterzi96@1688.com,Male,194.24.85.41
432,Benedikta,Wass,bwass97@sciencedaily.com,Female,42.201.192.165
433,Bebe,Kennicott,bkennicott98@gmpg.org,Female,220.46.174.233
434,Poul,Rodriguez,prodriguez99@dedecms.com,Male,144.107.194.0
435,Franklin,McCutcheon,fmccutcheon9a@storify.com,Male,190.232.211.89
436,Hymie,Overnell,hovernell9b@phoca.cz,Male,213.63.128.44
437,Anna,Zecchinii,azecchinii9c@bigcartel.com,Female,161.131.68.106
438,Glenden,Verrell,gverrell9d@furl.net,Genderqueer,60.30.4.42
439,Onfroi,Van der Spohr,ovanderspohr9e@nbcnews.com,Male,63.208.210.67
440,Syd,Vannikov,svannikov9f@wp.com,Male,72.169.167.136
441,Chane,Upwood,cupwood9g@census.gov,Non-binary,171.6.156.30
442,Farly,Skirling,fskirling9h@marketwatch.com,Male,235.14.192.210
443,Andy,Willimont,awillimont9i@vinaora.com,Female,162.107.6.217
444,Linnea,McKeon,lmckeon9j@meetup.com,Female,11.192.82.56
445,Antonina,Cantle,acantle9k@vk.com,Female,40.7.65.29
446,Adolf,Couzens,acouzens9l@ihg.com,Male,70.60.154.233
447,Aubine,MacFadzan,amacfadzan9m@statcounter.com,Female,116.48.211.85
448,Raoul,Grabham,rgrabham9n@nifty.com,Male,122.134.176.147
449,Miran,Runnett,mrunnett9o@blinklist.com,Female,210.82.241.125
450,Fletcher,Earwaker,fearwaker9p@wikimedia.org,Male,121.212.38.71
451,Madelle,Yorston,myorston9q@linkedin.com,Female,26.167.128.104
452,Annamarie,Isenor,aisenor9r@unicef.org,Female,186.81.40.174
453,Brinna,Happs,bhapps9s@php.net,Female,81.176.26.72
454,Caressa,Spargo,cspargo9t@deviantart.com,Female,95.118.54.170
455,Sula,Pomroy,spomroy9u@google.fr,Female,61.248.150.136
456,Fin,Sonner,fsonner9v@xinhuanet.com,Male,31.129.230.22
457,Tara,Lockhart,tlockhart9w@cloudflare.com,Female,161.221.188.44
458,Zelig,Tombleson,ztombleson9x@ning.com,Male,68.179.136.196
459,Armando,Toderi,atoderi9y@usgs.gov,Male,181.147.135.192
460,Deloris,Papen,dpapen9z@rakuten.co.jp,Female,219.228.96.152
461,Valida,Evangelinos,vevangelinosa0@google.es,Female,56.80.56.60
462,Debera,Gooley,dgooleya1@fda.gov,Female,214.87.41.175
463,Coleman,Lober,clobera2@un.org,Agender,224.60.12.167
464,Lelah,MacGorley,lmacgorleya3@wired.com,Female,166.30.149.69
465,Chilton,Presslee,cpressleea4@forbes.com,Male,5.195.74.46
466,Minnie,Ricciardiello,mricciardielloa5@sbwire.com,Female,60.252.11.35
467,Vassili,Kerfut,vkerfuta6@mayoclinic.com,Male,89.81.194.128
468,Brandy,McConnel,bmcconnela7@unblog.fr,Male,131.94.34.61
469,Harrison,O'Skehan,hoskehana8@apple.com,Male,242.118.16.104
470,Vilma,Gillean,vgilleana9@joomla.org,Female,113.163.192.9
471,Parry,Crimes,pcrimesaa@theguardian.com,Male,14.56.177.35
472,Lorene,Carnock,lcarnockab@shareasale.com,Bigender,209.95.178.70
473,Cull,Valintine,cvalintineac@digg.com,Male,192.68.150.216
474,Krishna,Grimsdike,kgrimsdikead@friendfeed.com,Male,246.41.19.199
475,Minerva,Snooks,msnooksae@illinois.edu,Female,218.75.174.105
476,Jorie,O'Reilly,joreillyaf@sogou.com,Bigender,218.33.204.97
477,Reg,Backshaw,rbackshawag@g.co,Male,53.191.1.232
478,Cirstoforo,Brideau,cbrideauah@cbc.ca,Male,225.106.30.171
479,Philly,Pepon,ppeponai@oakley.com,Female,170.146.49.179
480,Stephen,Aggs,saggsaj@github.com,Male,128.93.214.63
481,Grove,Cluley,gcluleyak@sina.com.cn,Male,149.121.161.94
482,Sloane,Axell,saxellal@cbslocal.com,Genderfluid,147.117.114.238
483,Jessey,Elson,jelsonam@yolasite.com,Male,65.182.214.40
484,Warner,Asson,wassonan@un.org,Non-binary,173.181.243.169
485,Tybi,Payley,tpayleyao@networksolutions.com,Female,114.196.50.156
486,Raynell,Ivankin,rivankinap@com.com,Female,206.75.27.219
487,Barbe,Sparling,bsparlingaq@springer.com,Agender,247.107.162.108
488,Sarge,Rosenbloom,srosenbloomar@blogtalkradio.com,Male,27.57.128.133
489,Lefty,Canadas,lcanadasas@youtu.be,Male,89.212.109.96
490,Damita,Trulock,dtrulockat@hibu.com,Female,140.131.191.124
491,Zorah,Wontner,zwontnerau@youku.com,Female,96.179.151.216
492,Zsazsa,Franz,zfranzav@woothemes.com,Female,182.78.128.150
493,Trix,Burkinshaw,tburkinshawaw@cbsnews.com,Female,232.221.118.155
494,Joceline,Benito,jbenitoax@youtu.be,Female,2.143.247.12
495,Chrotoem,Havelin,chavelinay@qq.com,Male,163.100.174.92
496,Ellene,Flaxman,eflaxmanaz@fc2.com,Female,113.14.192.107
497,Marguerite,Oldmeadow,moldmeadowb0@issuu.com,Female,199.132.34.161
498,Glynn,Punt,gpuntb1@samsung.com,Male,22.64.28.202
499,Candace,Pyvis,cpyvisb2@tiny.cc,Bigender,38.194.186.73
500,Crista,Lownes,clownesb3@google.fr,Female,190.98.246.190
501,Giffer,Todd,gtoddb4@ovh.net,Genderfluid,245.77.110.126
502,Isobel,D'Almeida,idalmeidab5@mediafire.com,Female,150.105.149.169
503,Celesta,Trevino,ctrevinob6@harvard.edu,Female,103.162.54.163
504,Janaya,Cambridge,jcambridgeb7@sfgate.com,Female,247.124.125.234
505,Derk,Johannesson,djohannessonb8@dropbox.com,Male,222.136.28.28
506,Verena,Piddington,vpiddingtonb9@unesco.org,Female,57.85.217.231
507,Jennica,Assaf,jassafba@webnode.com,Female,151.165.17.145
508,Jake,Hobson,jhobsonbb@elegantthemes.com,Male,255.129.118.8
509,Jemie,Mableson,jmablesonbc@auda.org.au,Female,74.235.194.220
510,Shaylah,Jindra,sjindrabd@blogs.com,Female,242.10.161.154
511,Mia,Cohalan,mcohalanbe@narod.ru,Female,193.104.94.201
512,Louella,MacKegg,lmackeggbf@exblog.jp,Polygender,87.62.225.151
513,Clive,Andrzej,candrzejbg@theguardian.com,Male,41.24.198.179
514,Yale,Bompas,ybompasbh@harvard.edu,Male,190.221.2.99
515,Hurleigh,Sailes,hsailesbi@webs.com,Male,118.4.57.191
516,Lissie,Perree,lperreebj@nydailynews.com,Female,190.80.123.125
517,Gusella,Yorke,gyorkebk@gov.uk,Female,88.151.65.149
518,Aurelea,Yeldon,ayeldonbl@meetup.com,Female,179.159.125.209
519,Angil,Dargue,adarguebm@ow.ly,Female,108.114.196.219
520,Brandea,Cranson,bcransonbn@simplemachines.org,Female,24.218.23.152
521,Briggs,Banaszczyk,bbanaszczykbo@dot.gov,Male,130.137.125.33
522,Alexei,Center,acenterbp@cnet.com,Male,143.70.177.108
523,Ax,McSorley,amcsorleybq@microsoft.com,Male,142.39.47.155
524,Montague,Odell,modellbr@moonfruit.com,Male,52.30.53.13
525,Annora,Wands,awandsbs@ezinearticles.com,Female,54.237.202.31
526,Craggy,Rosenfarb,crosenfarbbt@vkontakte.ru,Male,117.42.123.62
527,Ilsa,Bracchi,ibracchibu@over-blog.com,Female,176.52.184.85
528,Lacee,Bouchier,lbouchierbv@digg.com,Female,177.121.52.193
529,Decca,Klaaassen,dklaaassenbw@dell.com,Male,81.179.90.113
530,Teresita,Durston,tdurstonbx@npr.org,Agender,14.62.63.214
531,Camey,Lantry,clantryby@google.it,Male,109.27.184.74
532,Bird,Rubi,brubibz@tuttocitta.it,Female,100.94.111.185
533,Ainslie,Guitte,aguittec0@ucoz.ru,Female,157.58.69.149
534,Daron,Vergine,dverginec1@w3.org,Male,4.77.252.73
535,Marco,McCreadie,mmccreadiec2@elpais.com,Male,100.51.90.118
536,Camala,Isabell,cisabellc3@thetimes.co.uk,Female,87.76.72.50
537,Kathy,Kenyon,kkenyonc4@opera.com,Female,83.13.93.110
538,Wilfred,Dalglish,wdalglishc5@chronoengine.com,Male,99.166.39.161
539,Ive,Mankor,imankorc6@alibaba.com,Male,241.121.152.179
540,Clovis,Spraggs,cspraggsc7@hatena.ne.jp,Female,232.132.218.148
541,Madelle,Wardingley,mwardingleyc8@phpbb.com,Female,241.186.28.221
542,Karlie,Pelchat,kpelchatc9@prnewswire.com,Female,58.174.120.186
543,Gregory,Sealeaf,gsealeafca@dedecms.com,Male,156.172.219.236
544,Sumner,Coll,scollcb@deviantart.com,Male,196.150.83.229
545,Aldrich,Nelson,anelsoncc@elegantthemes.com,Male,239.63.66.69
546,Jeramie,Kubiak,jkubiakcd@usda.gov,Male,246.158.241.75
547,Konstance,Drake,kdrakece@alexa.com,Female,191.239.110.115
548,Ravi,Enoch,renochcf@howstuffworks.com,Male,89.87.137.80
549,Tamarra,Frift,tfriftcg@ox.ac.uk,Female,153.253.250.81
550,Kermy,Blakeborough,kblakeboroughch@surveymonkey.com,Male,192.94.149.141
551,Thedrick,Loraine,tloraineci@parallels.com,Male,137.163.111.98
552,Gaylord,Burree,gburreecj@independent.co.uk,Male,185.78.141.115
553,Ignatius,Derks,iderksck@mozilla.com,Male,24.249.120.10
554,Archibold,McVicker,amcvickercl@pagesperso-orange.fr,Male,96.35.182.137
555,Clarie,Bareham,cbarehamcm@unblog.fr,Female,14.191.0.40
556,Hally,Ginnaly,hginnalycn@sciencedirect.com,Female,177.102.226.33
557,Sela,Van der Kruys,svanderkruysco@washingtonpost.com,Female,72.45.225.85
558,Clemence,Wakeling,cwakelingcp@ycombinator.com,Female,214.174.50.42
559,Mata,Newbegin,mnewbegincq@about.me,Male,249.158.159.241
560,Garrard,Adnams,gadnamscr@canalblog.com,Male,215.1.64.144
561,Jessa,Schuler,jschulercs@cornell.edu,Female,148.185.117.168
562,Cesaro,Rapier,crapierct@japanpost.jp,Male,77.148.201.176
563,Lamond,Varrow,lvarrowcu@mediafire.com,Male,229.85.180.202
564,Guillaume,Abrashkin,gabrashkincv@vinaora.com,Male,184.234.207.247
565,Salmon,Witnall,switnallcw@flickr.com,Male,142.215.198.142
566,Tobye,Matelyunas,tmatelyunascx@theguardian.com,Female,241.195.112.181
567,Lorenzo,McGucken,lmcguckency@yelp.com,Male,59.197.106.108
568,Zedekiah,Walby,zwalbycz@rambler.ru,Male,39.249.163.69
569,Dom,Ilyunin,dilyunind0@edublogs.org,Male,235.113.206.19
570,Lucie,Ormiston,lormistond1@4shared.com,Bigender,103.114.204.178
571,Giselle,De Andreis,gdeandreisd2@yelp.com,Female,205.202.111.253
572,Corey,Yard,cyardd3@sourceforge.net,Male,74.139.217.222
573,Damaris,Alejo,dalejod4@hugedomains.com,Female,195.96.102.227
574,Glynnis,Alloisi,galloisid5@go.com,Female,66.37.155.60
575,Malva,Matzel,mmatzeld6@pen.io,Female,102.41.68.218
576,Arabela,Crumbleholme,acrumbleholmed7@pinterest.com,Female,76.233.89.121
577,Riley,Oswal,roswald8@qq.com,Male,226.249.32.21
578,Kelley,Wilsey,kwilseyd9@wikipedia.org,Female,13.60.189.146
579,Evvie,Wadesworth,ewadesworthda@aol.com,Female,142.137.221.104
580,Roderigo,McCartan,rmccartandb@baidu.com,Male,194.249.122.68
581,Ernesto,Featenby,efeatenbydc@booking.com,Male,238.70.109.70
582,Samaria,Rattray,srattraydd@fda.gov,Female,255.177.218.137
583,Mahala,Coley,mcoleyde@amazon.de,Female,37.89.98.203
584,Brandise,Mattiassi,bmattiassidf@europa.eu,Female,185.146.208.21
585,Lanie,Nicklin,lnicklindg@uol.com.br,Male,55.71.27.172
586,Misha,MacClay,mmacclaydh@ebay.co.uk,Female,180.193.209.222
587,Jarid,Chetter,jchetterdi@cdbaby.com,Male,137.142.62.128
588,Jeni,Tregear,jtregeardj@nasa.gov,Female,87.53.251.45
589,Evangelina,Scales,escalesdk@samsung.com,Female,48.165.39.242
590,Leighton,Armit,larmitdl@about.me,Male,96.247.193.118
591,Rawley,Richards,rrichardsdm@shinystat.com,Male,39.212.130.199
592,Gerri,Hyslop,ghyslopdn@123-reg.co.uk,Female,72.218.227.190
593,Joseito,Hazley,jhazleydo@51.la,Male,174.70.108.139
594,Bruno,Coyte,bcoytedp@devhub.com,Male,208.134.197.180
595,Genevieve,Caplis,gcaplisdq@buzzfeed.com,Female,187.148.202.12
596,Britt,Dresche,bdreschedr@angelfire.com,Male,189.121.68.253
597,Orly,Alcock,oalcockds@jiathis.com,Female,98.84.143.9
598,Antonietta,Aharoni,aaharonidt@privacy.gov.au,Female,50.214.34.54
599,Cristobal,Skatcher,cskatcherdu@pbs.org,Male,21.249.133.253
600,Olivier,Tremblet,otrembletdv@fema.gov,Male,139.55.6.30
601,Moise,Jenyns,mjenynsdw@altervista.org,Male,213.44.19.237
602,Cindee,Elderidge,celderidgedx@webs.com,Female,177.69.76.137
603,Alvin,Wernher,awernherdy@angelfire.com,Male,254.255.179.198
604,Octavius,Buddell,obuddelldz@examiner.com,Male,199.226.36.249
605,Jordanna,Glanfield,jglanfielde0@shinystat.com,Genderfluid,247.199.1.251
606,Henka,Jendas,hjendase1@imgur.com,Female,54.203.206.126
607,Homere,Padilla,hpadillae2@usa.gov,Male,246.244.232.26
608,Dill,Hoxey,dhoxeye3@columbia.edu,Male,250.217.62.57
609,L;urette,Simonite,lsimonitee4@homestead.com,Female,202.164.9.141
610,Anet,Melonby,amelonbye5@t-online.de,Female,222.81.57.95
611,Kelsey,Harpin,kharpine6@flickr.com,Male,254.9.106.81
612,Joyce,Hachard,jhacharde7@smh.com.au,Female,48.134.137.230
613,Kerwinn,Ciciotti,kciciottie8@washingtonpost.com,Male,59.48.193.197
614,Sherlock,Bidwell,sbidwelle9@economist.com,Male,236.208.139.205
615,Hal,Clampin,hclampinea@theguardian.com,Male,210.71.72.33
616,Maxie,Arlt,marlteb@hexun.com,Female,248.22.139.38
617,Petr,Chater,pchaterec@mtv.com,Male,130.84.209.22
618,Chet,Desporte,cdesporteed@army.mil,Polygender,53.142.225.188
619,Tiffi,Domney,tdomneyee@opera.com,Female,46.207.117.102
620,Clarey,Rodnight,crodnightef@indiegogo.com,Female,13.99.150.112
621,Seumas,Mapledoore,smapledooreeg@ocn.ne.jp,Genderfluid,18.203.111.130
622,Hally,Lorkins,hlorkinseh@cbc.ca,Female,163.24.105.35
623,Kaia,Sherman,kshermanei@narod.ru,Female,32.133.74.107
624,Alejandrina,Kundert,akundertej@japanpost.jp,Bigender,72.63.178.181
625,Jermain,Fauguel,jfauguelek@tiny.cc,Male,208.60.37.140
626,Culley,Bridges,cbridgesel@icio.us,Male,71.107.120.36
627,Gerardo,Jarret,gjarretem@youtu.be,Male,61.31.38.14
628,Wendy,Ainslee,wainsleeen@ocn.ne.jp,Female,54.197.80.18
629,Powell,Kenward,pkenwardeo@amazon.co.jp,Male,45.221.165.226
630,Graham,Cadwallader,gcadwalladerep@yelp.com,Male,254.101.143.239
631,Barrie,Lumb,blumbeq@addtoany.com,Male,121.78.145.95
632,Andreas,Hellikes,ahellikeser@psu.edu,Male,241.107.181.212
633,William,Ivushkin,wivushkines@tamu.edu,Male,14.144.165.68
634,Erik,Epinoy,eepinoyet@mlb.com,Male,83.85.86.253
635,Artur,Schiersch,aschierscheu@is.gd,Male,194.44.25.38
636,Zak,Fleeming,zfleemingev@domainmarket.com,Male,202.89.189.184
637,Bathsheba,Goodliffe,bgoodliffeew@shareasale.com,Female,72.235.90.198
638,Ebeneser,Cahen,ecahenex@sogou.com,Male,112.64.166.112
639,Halli,Daviot,hdaviotey@oakley.com,Female,8.34.132.42
640,Ev,Buckthorp,ebuckthorpez@about.me,Male,215.180.244.130
641,Maxy,Walkinshaw,mwalkinshawf0@t-online.de,Female,0.195.129.229
642,Immanuel,Glowacz,iglowaczf1@shutterfly.com,Male,191.26.149.137
643,Malinda,Gaul,mgaulf2@ow.ly,Female,109.3.49.72
644,Dulciana,Ciobotaru,dciobotaruf3@oaic.gov.au,Female,92.177.76.20
645,Atlanta,Farrall,afarrallf4@phpbb.com,Female,23.85.85.46
646,Saunders,Jacobson,sjacobsonf5@mapquest.com,Male,0.113.100.14
647,Osgood,Hedylstone,ohedylstonef6@salon.com,Male,25.167.135.51
648,Cate,Arnoult,carnoultf7@goo.gl,Female,82.188.130.130
649,Celeste,Naulls,cnaullsf8@cornell.edu,Female,251.39.135.148
650,Tybi,MacAree,tmacareef9@g.co,Bigender,169.237.130.112
651,Collin,Yearron,cyearronfa@people.com.cn,Male,116.238.3.82
652,Elysia,Izhak,eizhakfb@blogger.com,Female,164.224.138.5
653,Rudd,Pash,rpashfc@statcounter.com,Male,67.243.214.92
654,Arin,Groundwator,agroundwatorfd@surveymonkey.com,Male,75.103.34.117
655,Sacha,Dikle,sdiklefe@oracle.com,Genderfluid,47.226.63.27
656,Will,Pietasch,wpietaschff@163.com,Male,39.37.243.2
657,Deni,Balharry,dbalharryfg@squidoo.com,Female,219.172.5.75
658,Kally,Ranyard,kranyardfh@dropbox.com,Female,208.138.252.237
659,Otes,Claringbold,oclaringboldfi@prnewswire.com,Male,243.178.34.252
660,Darcie,Cowl,dcowlfj@ow.ly,Female,57.255.145.28
661,Gianna,Yurukhin,gyurukhinfk@scribd.com,Female,235.205.248.6
662,Joana,Brigstock,jbrigstockfl@pagesperso-orange.fr,Female,155.147.88.205
663,Dianne,Ford,dfordfm@hibu.com,Female,114.15.155.113
664,Perren,Melbert,pmelbertfn@state.gov,Male,225.50.75.137
665,Erwin,Camerello,ecamerellofo@dot.gov,Male,229.33.212.204
666,Dodie,Wildblood,dwildbloodfp@photobucket.com,Female,75.205.104.14
667,Gaby,Gutowski,ggutowskifq@alibaba.com,Male,179.238.110.214
668,Sigfried,Longstaff,slongstafffr@nba.com,Male,83.69.230.48
669,Lorette,Mole,lmolefs@facebook.com,Female,99.192.136.116
670,Bondy,Cowen,bcowenft@merriam-webster.com,Male,199.5.169.234
671,Chelsea,Benham,cbenhamfu@tumblr.com,Female,129.70.4.105
672,Rosamond,Goldby,rgoldbyfv@1und1.de,Female,164.112.243.117
673,Curr,Ashe,cashefw@dailymotion.com,Male,192.196.138.41
674,Nolie,Jellings,njellingsfx@ning.com,Female,176.218.251.113
675,Morley,Suerz,msuerzfy@youtu.be,Male,181.208.195.41
676,Rooney,Forseith,rforseithfz@spiegel.de,Male,119.169.26.238
677,Eyde,Hunnicutt,ehunnicuttg0@auda.org.au,Female,200.152.229.201
678,Jsandye,Hardesty,jhardestyg1@answers.com,Female,249.229.132.40
679,Ulrick,Palay,upalayg2@wix.com,Male,203.173.40.66
680,Sigismond,Pandie,spandieg3@webnode.com,Male,218.67.71.156
681,Pennie,Guess,pguessg4@boston.com,Male,66.47.59.12
682,Harlin,Jales,hjalesg5@mac.com,Male,127.108.19.99
683,Rosalia,Cockson,rcocksong6@yahoo.com,Female,167.51.63.99
684,Dorris,MacRonald,dmacronaldg7@fema.gov,Female,92.66.155.247
685,Barry,Christal,bchristalg8@nifty.com,Male,164.53.129.253
686,Lief,MacIlurick,lmacilurickg9@hubpages.com,Male,38.229.18.167
687,Pammy,Roubeix,proubeixga@nymag.com,Female,211.143.168.67
688,Haroun,Kemmis,hkemmisgb@vistaprint.com,Genderqueer,71.112.84.46
689,Salim,Illing,sillinggc@admin.ch,Male,90.125.249.161
690,Lisa,Flacknoe,lflacknoegd@homestead.com,Female,118.230.229.228
691,Nestor,MacTavish,nmactavishge@state.tx.us,Male,21.190.85.200
692,Seymour,McGilvary,smcgilvarygf@icq.com,Male,211.190.115.181
693,Jimmie,O'Moylane,jomoylanegg@merriam-webster.com,Male,165.76.20.52
694,Sigismondo,Reschke,sreschkegh@w3.org,Male,188.255.232.16
695,Austin,Bilson,abilsongi@blogtalkradio.com,Female,21.127.100.47
696,Mike,Roscrigg,mroscrigggj@seattletimes.com,Male,97.55.203.162
697,Bale,Poizer,bpoizergk@biglobe.ne.jp,Male,122.105.249.172
698,Thedric,Bartoszewicz,tbartoszewiczgl@cbslocal.com,Male,39.114.199.169
699,Birdie,Hinrichsen,bhinrichsengm@yellowbook.com,Female,195.233.34.138
700,Faydra,Liddel,fliddelgn@businessinsider.com,Female,122.201.118.242
701,Kev,Welton,kweltongo@businessinsider.com,Male,17.16.239.191
702,Eyde,Brussels,ebrusselsgp@usnews.com,Genderqueer,116.20.137.143
703,Chaim,Digby,cdigbygq@nsw.gov.au,Male,73.74.255.151
704,Juliet,Batrop,jbatropgr@amazon.de,Female,150.33.11.87
705,Alonzo,Wissby,awissbygs@bing.com,Male,210.19.48.234
706,Weider,Kinnett,wkinnettgt@walmart.com,Male,119.216.11.124
707,Pepita,McNiven,pmcnivengu@smugmug.com,Female,233.6.11.133
708,Ada,Croson,acrosongv@hp.com,Female,48.158.49.143
709,Josefa,Besson,jbessongw@sourceforge.net,Female,209.89.11.140
710,Virgie,Greguol,vgreguolgx@tuttocitta.it,Male,1.124.40.147
711,Findley,Balser,fbalsergy@goo.ne.jp,Male,193.108.162.220
712,Mandel,O'Riordan,moriordangz@mozilla.org,Male,186.102.32.179
713,Steven,Bosence,sbosenceh0@alexa.com,Male,82.7.7.180
714,Fara,Romero,fromeroh1@bandcamp.com,Female,14.15.59.189
715,Thorpe,Blakemore,tblakemoreh2@histats.com,Male,50.116.24.250
716,Silvester,Parzis,sparzish3@scientificamerican.com,Genderqueer,122.44.210.0
717,Sammy,McLucky,smcluckyh4@feedburner.com,Male,135.19.125.215
718,Ossie,Retallick,oretallickh5@netscape.com,Male,10.63.156.249
719,Darbie,Cupper,dcupperh6@yahoo.com,Female,33.237.231.243
720,Odelia,Onn,oonnh7@unc.edu,Female,30.201.254.205
721,Adina,Labram,alabramh8@ovh.net,Female,85.13.53.12
722,Charlton,Champerlen,cchamperlenh9@google.com.au,Male,247.173.10.104
723,Sayre,Rillett,srillettha@netvibes.com,Male,119.222.227.204
724,Demetria,Feye,dfeyehb@chicagotribune.com,Female,86.89.132.22
725,Rosemary,Heisham,rheishamhc@theatlantic.com,Female,73.170.248.8
726,Ferrell,Landor,flandorhd@umn.edu,Male,124.171.86.86
727,Cullen,Roux,crouxhe@hao123.com,Male,210.186.193.198
728,Valentina,Kenderdine,vkenderdinehf@gravatar.com,Female,98.232.221.106
729,Malvin,Cawthron,mcawthronhg@simplemachines.org,Male,125.111.13.63
730,Elliot,Firebrace,efirebracehh@opera.com,Male,240.220.185.165
731,Richmond,Bruckmann,rbruckmannhi@xrea.com,Male,228.43.233.147
732,Honey,Spaunton,hspauntonhj@prnewswire.com,Agender,91.193.146.143
733,Rebecca,De Ruggiero,rderuggierohk@statcounter.com,Female,165.17.10.73
734,Gradeigh,Coggon,gcoggonhl@howstuffworks.com,Male,163.254.133.170
735,Simeon,Coakley,scoakleyhm@gnu.org,Male,182.37.220.254
736,Barbabas,McAlroy,bmcalroyhn@tumblr.com,Male,179.109.187.164
737,Gregoire,McKyrrelly,gmckyrrellyho@economist.com,Male,33.69.152.236
738,Donny,Crosbie,dcrosbiehp@miibeian.gov.cn,Female,27.120.238.220
739,Ab,Spinas,aspinashq@youku.com,Male,200.139.187.173
740,Robinette,Whitechurch,rwhitechurchhr@latimes.com,Female,109.240.207.177
741,Tod,Winchester,twinchesterhs@cnet.com,Male,74.140.19.109
742,Dulce,Nizard,dnizardht@google.it,Female,64.119.42.245
743,Raymond,Louw,rlouwhu@huffingtonpost.com,Male,112.252.95.194
744,Zandra,Gulland,zgullandhv@comcast.net,Female,224.209.254.107
745,Cathe,Bellhanger,cbellhangerhw@simplemachines.org,Female,122.209.173.145
746,Katleen,Hodgin,khodginhx@opera.com,Female,64.99.7.237
747,Paten,Lefeuvre,plefeuvrehy@msu.edu,Agender,44.25.4.126
748,Valencia,Fairfoot,vfairfoothz@com.com,Female,87.140.155.108
749,Peder,Barkley,pbarkleyi0@oracle.com,Male,162.63.63.215
750,Bryant,Carncross,bcarncrossi1@sciencedirect.com,Male,150.136.159.108
751,Mari,Casperri,mcasperrii2@yahoo.com,Female,157.144.246.81
752,Burr,Fuente,bfuentei3@reuters.com,Male,4.72.174.43
753,Newton,Auchterlony,nauchterlonyi4@craigslist.org,Male,6.122.185.10
754,Brook,Goodbarne,bgoodbarnei5@nifty.com,Male,3.132.205.79
755,Hobie,Cory,hcoryi6@prlog.org,Male,224.119.231.213
756,Percy,Bickmore,pbickmorei7@homestead.com,Male,63.140.5.2
757,Angel,Bosward,aboswardi8@myspace.com,Female,203.142.217.216
758,Edy,Brockley,ebrockleyi9@xing.com,Female,72.162.216.203
759,Shayne,Edmeades,sedmeadesia@tinypic.com,Female,96.245.204.44
760,Othilia,McWhin,omcwhinib@imgur.com,Bigender,57.22.133.81
761,Griff,Potier,gpotieric@netlog.com,Male,159.92.150.175
762,Aretha,Baffin,abaffinid@tiny.cc,Female,185.228.30.124
763,Anica,Grabban,agrabbanie@xing.com,Agender,15.231.50.166
764,Ileana,Kettlewell,ikettlewellif@java.com,Female,199.112.124.204
765,Stu,Havick,shavickig@freewebs.com,Male,239.63.235.99
766,Tybie,Fernie,tfernieih@hao123.com,Female,249.248.90.246
767,Marian,Beneze,mbenezeii@princeton.edu,Female,107.36.193.210
768,Rhonda,Jeaycock,rjeaycockij@psu.edu,Female,102.19.22.109
769,Braden,Speir,bspeirik@narod.ru,Male,63.126.132.254
770,Gaylene,Longland,glonglandil@sakura.ne.jp,Female,145.25.120.253
771,Stephen,Mirando,smirandoim@ebay.com,Male,228.151.220.230
772,Hillyer,Curness,hcurnessin@va.gov,Male,1.33.38.31
773,Mathe,Rojahn,mrojahnio@pinterest.com,Male,164.154.115.94
774,Urbanus,Risom,urisomip@linkedin.com,Male,41.241.239.217
775,Herold,Rolingson,hrolingsoniq@epa.gov,Male,202.225.192.255
776,Blanch,Mattsson,bmattssonir@joomla.org,Female,249.128.74.234
777,Myrtie,Grzeszczak,mgrzeszczakis@google.es,Female,245.254.155.193
778,Monroe,Spadari,mspadariit@economist.com,Agender,125.230.109.121
779,Kin,Georgins,kgeorginsiu@yellowpages.com,Agender,84.76.220.7
780,Gil,Frondt,gfrondtiv@ucoz.com,Bigender,164.176.14.88
781,Thorpe,Shakelade,tshakeladeiw@clickbank.net,Male,24.100.211.125
782,Petr,Gather,pgatherix@vk.com,Male,235.107.197.28
783,Audry,Farrens,afarrensiy@delicious.com,Female,135.100.63.171
784,Carrie,Devlin,cdevliniz@livejournal.com,Female,241.214.221.178
785,Janina,Veltman,jveltmanj0@constantcontact.com,Female,156.206.95.71
786,Emmit,Gilhooley,egilhooleyj1@salon.com,Genderfluid,241.39.228.116
787,Alvie,Sheeran,asheeranj2@accuweather.com,Male,98.129.131.47
788,Kristien,Kinmond,kkinmondj3@wiley.com,Female,84.84.0.156
789,Adrien,Youles,ayoulesj4@gmpg.org,Male,38.89.239.83
790,Diana,Maffia,dmaffiaj5@sphinn.com,Female,75.150.22.16
791,Daron,MacIlraith,dmacilraithj6@dyndns.org,Female,174.52.43.169
792,Walker,Garment,wgarmentj7@apache.org,Male,102.227.106.253
793,Kimmi,Airy,kairyj8@slashdot.org,Female,66.39.213.228
794,Sandy,Norsworthy,snorsworthyj9@altervista.org,Male,198.52.136.134
795,Cicely,Chern,cchernja@blinklist.com,Female,90.86.182.178
796,Ward,Grund,wgrundjb@java.com,Bigender,6.93.87.61
797,Jarad,Huckstepp,jhucksteppjc@dion.ne.jp,Male,108.69.138.35
798,Hurleigh,Warham,hwarhamjd@stanford.edu,Male,226.253.93.81
799,Emiline,McTurley,emcturleyje@ask.com,Agender,62.150.112.50
800,Willdon,Rocks,wrocksjf@cloudflare.com,Male,160.140.138.91
801,Winna,Pettiford,wpettifordjg@booking.com,Female,151.236.190.82
802,Fair,Scholte,fscholtejh@soundcloud.com,Male,135.179.209.232
803,Fitz,Shannon,fshannonji@hibu.com,Bigender,227.113.115.28
804,Lorna,Storrs,lstorrsjj@irs.gov,Female,149.138.148.188
805,Valina,Prangle,vpranglejk@rambler.ru,Genderqueer,212.214.225.15
806,Eddie,Pear,epearjl@cargocollective.com,Male,129.37.130.106
807,Elfie,Kerwen,ekerwenjm@va.gov,Female,213.121.84.167
808,Vivyan,Jaze,vjazejn@wisc.edu,Female,33.0.118.130
809,Rafferty,Grellier,rgrellierjo@disqus.com,Male,141.222.201.90
810,Flory,Ubee,fubeejp@e-recht24.de,Male,89.28.190.55
811,Lisha,Bugge,lbuggejq@google.com.au,Female,109.193.145.35
812,Lonnard,Dunnico,ldunnicojr@biglobe.ne.jp,Male,152.26.1.123
813,Elfreda,Ostrich,eostrichjs@tinypic.com,Agender,118.162.176.230
814,Bobby,Lightewood,blightewoodjt@pen.io,Male,145.9.135.75
815,Aubine,O'Sullivan,aosullivanju@wisc.edu,Female,102.180.122.121
816,Drucie,Cello,dcellojv@stanford.edu,Female,80.150.101.217
817,Wayland,Melchior,wmelchiorjw@lulu.com,Male,244.119.180.231
818,Patric,Lathaye,plathayejx@hexun.com,Male,110.233.6.250
819,Lexine,Bevens,lbevensjy@bing.com,Female,47.96.200.131
820,Lamond,Boyne,lboynejz@sphinn.com,Male,79.199.53.200
821,Belicia,Cornell,bcornellk0@nyu.edu,Genderfluid,23.226.134.120
822,Orren,Goldin,ogoldink1@squidoo.com,Male,59.5.127.180
823,Chip,Kolin,ckolink2@icq.com,Male,167.143.72.160
824,Hershel,Naris,hnarisk3@kickstarter.com,Male,87.29.59.82
825,Townie,Ferrie,tferriek4@reddit.com,Male,213.56.116.42
826,Putnam,Nouch,pnouchk5@blogspot.com,Male,164.179.21.228
827,Creight,Scohier,cscohierk6@skyrock.com,Male,201.245.235.211
828,Rickie,Ezzell,rezzellk7@intel.com,Male,34.196.181.139
829,Charlton,Jiggle,cjigglek8@blogger.com,Male,17.253.61.73
830,Daile,Fritchley,dfritchleyk9@joomla.org,Female,83.151.253.215
831,Cheri,Ellington,cellingtonka@si.edu,Female,10.207.69.155
832,Dedie,Farrar,dfarrarkb@multiply.com,Female,205.37.98.146
833,Lenci,Tabary,ltabarykc@altervista.org,Male,250.156.9.233
834,Scarlet,Abbati,sabbatikd@youtu.be,Female,9.54.16.53
835,Stern,Van Brug,svanbrugke@ovh.net,Male,191.33.122.110
836,Verena,Grizard,vgrizardkf@squidoo.com,Female,136.185.4.116
837,Livvie,Izzett,lizzettkg@omniture.com,Female,55.47.78.23
838,Sosanna,Shrimplin,sshrimplinkh@geocities.com,Female,180.221.119.64
839,Griffin,Hurll,ghurllki@nymag.com,Male,242.119.157.118
840,Sylvester,Norcop,snorcopkj@craigslist.org,Male,140.161.246.171
841,Estevan,Trengrouse,etrengrousekk@weather.com,Male,69.52.246.51
842,Toby,Jumel,tjumelkl@squidoo.com,Male,190.49.97.140
843,Shena,Fermor,sfermorkm@time.com,Female,148.52.22.146
844,Caitrin,McCartney,cmccartneykn@elpais.com,Female,80.7.53.55
845,Parry,Penhaleurack,ppenhaleurackko@netlog.com,Male,26.49.219.12
846,Augustine,Iozefovich,aiozefovichkp@nasa.gov,Male,141.139.236.189
847,Diann,Wynrahame,dwynrahamekq@psu.edu,Non-binary,102.123.121.15
848,Darell,Giacometti,dgiacomettikr@surveymonkey.com,Female,119.6.205.1
849,Katusha,Wardington,kwardingtonks@army.mil,Female,197.205.40.133
850,Ralina,Stogill,rstogillkt@nytimes.com,Female,237.127.51.250
851,Darlene,Koeppe,dkoeppeku@mayoclinic.com,Female,5.222.28.73
852,Fedora,Windebank,fwindebankkv@independent.co.uk,Female,75.218.172.105
853,Sarge,Burtonwood,sburtonwoodkw@ameblo.jp,Male,24.167.199.9
854,Larina,Ventam,lventamkx@goo.gl,Female,226.103.14.115
855,Sollie,Rudiger,srudigerky@sun.com,Male,25.94.193.74
856,Sebastian,Probbin,sprobbinkz@state.tx.us,Male,174.36.85.242
857,Krishnah,Wilkins,kwilkinsl0@sakura.ne.jp,Male,246.238.83.5
858,Alexine,Timothy,atimothyl1@blogs.com,Female,230.126.23.49
859,Tammara,McGivena,tmcgivenal2@nps.gov,Female,247.11.113.86
860,Scotty,Ingamells,singamellsl3@yellowbook.com,Male,43.149.114.45
861,Forrest,O'Kelly,fokellyl4@g.co,Male,234.40.177.74
862,Mordy,Edinboro,medinborol5@blogspot.com,Male,232.202.150.124
863,Aaron,Larmor,alarmorl6@usgs.gov,Male,244.129.70.110
864,Iain,Cossell,icosselll7@fda.gov,Male,129.95.49.235
865,Kerrill,Burdess,kburdessl8@wufoo.com,Female,150.146.144.244
866,Ryley,Desforges,rdesforgesl9@techcrunch.com,Male,200.193.75.196
867,Estella,Brodhead,ebrodheadla@phoca.cz,Female,177.143.94.133
868,Nathanil,Bambury,nbamburylb@ucoz.com,Male,201.236.211.105
869,Giustino,Samways,gsamwayslc@indiegogo.com,Male,170.119.173.16
870,Udell,Attiwill,uattiwillld@bandcamp.com,Male,149.67.216.42
871,Aubrie,Ca,acale@go.com,Female,6.42.18.188
872,Shermy,Seine,sseinelf@mozilla.org,Male,133.235.149.194
873,Kathi,Timlin,ktimlinlg@webeden.co.uk,Female,202.164.162.232
874,Marsha,Iohananof,miohananoflh@house.gov,Female,170.34.3.224
875,Darlene,Pyrton,dpyrtonli@fda.gov,Female,33.147.74.89
876,Yehudit,Clarridge,yclarridgelj@bloomberg.com,Male,3.206.66.183
877,Lian,Frizzell,lfrizzelllk@flickr.com,Female,167.137.86.176
878,Ravid,Simcoe,rsimcoell@linkedin.com,Male,71.142.242.65
879,Cornie,Covil,ccovillm@admin.ch,Female,53.241.36.29
880,Keriann,Hartnup,khartnupln@nih.gov,Female,150.251.198.128
881,Sondra,Pickthall,spickthalllo@wikia.com,Polygender,105.59.99.127
882,Ronny,Tisun,rtisunlp@csmonitor.com,Polygender,126.114.78.199
883,Barris,Ovitts,bovittslq@ustream.tv,Male,189.41.223.97
884,Cesar,Hursthouse,chursthouselr@flavors.me,Male,94.12.77.200
885,Brear,Gittis,bgittisls@sohu.com,Female,148.183.169.35
886,Charis,Parkin,cparkinlt@usnews.com,Female,54.74.39.61
887,Bill,Tenbrug,btenbruglu@ucsd.edu,Male,9.119.113.194
888,Marty,Longthorn,mlongthornlv@mail.ru,Male,74.12.59.16
889,Terrye,Akroyd,takroydlw@over-blog.com,Female,129.2.186.43
890,Orv,Ilyukhov,oilyukhovlx@zdnet.com,Genderfluid,233.7.10.58
891,Reggy,Minocchi,rminocchily@macromedia.com,Male,158.181.140.113
892,Menard,De Castri,mdecastrilz@buzzfeed.com,Male,160.127.210.8
893,Tommy,Geerling,tgeerlingm0@bandcamp.com,Male,216.200.138.253
894,Farrel,Siemons,fsiemonsm1@tumblr.com,Male,101.46.140.67
895,Ingelbert,Ducaen,iducaenm2@sciencedirect.com,Male,159.52.9.157
896,Rees,Joust,rjoustm3@utexas.edu,Male,68.104.228.51
897,Tammara,Dorot,tdorotm4@surveymonkey.com,Female,32.120.80.215
898,Annalise,Simonnot,asimonnotm5@merriam-webster.com,Bigender,238.146.159.59
899,Judie,MacKain,jmackainm6@cbsnews.com,Female,71.210.94.140
900,Towney,Geill,tgeillm7@boston.com,Male,63.236.167.142
901,Chelsae,Heliet,chelietm8@ucoz.com,Genderfluid,63.176.123.192
902,Hewett,Week,hweekm9@reddit.com,Male,123.40.74.128
903,Daren,Burbidge,dburbidgema@army.mil,Male,106.144.34.98
904,Keven,Chisholme,kchisholmemb@scribd.com,Male,166.85.150.155
905,Sande,Ollive,sollivemc@smh.com.au,Polygender,191.23.211.155
906,Hortense,Ferrieri,hferrierimd@ebay.com,Polygender,75.207.107.151
907,Vivianna,Adam,vadamme@nifty.com,Female,231.237.86.206
908,Guglielma,Nelsen,gnelsenmf@google.pl,Female,28.173.123.137
909,Carin,Corfield,ccorfieldmg@lycos.com,Female,163.183.245.76
910,Stephie,Tubbs,stubbsmh@pen.io,Female,89.229.101.179
911,Morna,Studdert,mstuddertmi@xrea.com,Female,181.21.15.185
912,Gabrila,Plaschke,gplaschkemj@newyorker.com,Bigender,14.171.98.147
913,Vaughn,Gary,vgarymk@thetimes.co.uk,Male,141.66.208.131
914,Dani,Strapp,dstrappml@msn.com,Female,248.37.115.138
915,Francene,Gibb,fgibbmm@amazonaws.com,Female,254.161.78.94
916,Mead,Undy,mundymn@businesswire.com,Male,207.229.80.208
917,Alexandre,Tolan,atolanmo@wsj.com,Male,114.56.140.45
918,Purcell,Alfonzo,palfonzomp@bloomberg.com,Male,153.224.97.135
919,Dalli,Ingram,dingrammq@si.edu,Male,148.90.148.187
920,Heywood,Botha,hbothamr@unblog.fr,Male,138.89.242.4
921,Rachael,Abram,rabramms@netlog.com,Female,236.128.104.88
922,Ansel,Wale,awalemt@amazon.co.jp,Agender,194.212.153.143
923,Madelin,Baggaley,mbaggaleymu@house.gov,Female,173.6.67.189
924,Dwain,Jellman,djellmanmv@chron.com,Male,241.48.3.22
925,Griz,Bernasek,gbernasekmw@indiegogo.com,Male,7.164.189.251
926,Bank,Squires,bsquiresmx@bizjournals.com,Male,106.174.99.53
927,Morrie,Saffe,msaffemy@meetup.com,Male,141.231.214.95
928,Roxy,Gaynsford,rgaynsfordmz@people.com.cn,Female,20.119.101.59
929,Vinny,Geffinger,vgeffingern0@drupal.org,Bigender,245.89.164.28
930,Yancy,Dowry,ydowryn1@wufoo.com,Male,28.142.154.209
931,Prudy,Busain,pbusainn2@telegraph.co.uk,Female,109.201.166.66
932,Modestine,Wiltshier,mwiltshiern3@51.la,Female,107.221.246.72
933,Valencia,Riall,vrialln4@nationalgeographic.com,Female,15.14.127.150
934,Barnett,Hartles,bhartlesn5@sun.com,Male,227.228.64.253
935,Muffin,Neles,mnelesn6@sitemeter.com,Female,4.109.131.57
936,Sena,Christon,schristonn7@pbs.org,Female,246.192.43.172
937,Barnebas,Sancias,bsanciasn8@discovery.com,Male,49.10.74.74
938,Mab,Streeten,mstreetenn9@eepurl.com,Female,95.81.201.10
939,Jock,MacMorland,jmacmorlandna@abc.net.au,Male,184.216.179.192
940,Stephan,Segges,sseggesnb@flavors.me,Male,108.53.154.159
941,Dan,Wellbank,dwellbanknc@printfriendly.com,Male,115.8.51.223
942,Meggie,Hawke,mhawkend@auda.org.au,Female,236.82.78.13
943,Trenton,Bereford,tberefordne@deliciousdays.com,Male,137.142.167.187
944,Gerty,Maxted,gmaxtednf@house.gov,Female,249.75.136.74
945,Ford,Sheed,fsheedng@nature.com,Male,39.40.93.168
946,Noach,Dugget,nduggetnh@springer.com,Male,235.168.157.209
947,Rebe,Wainscoat,rwainscoatni@yelp.com,Non-binary,249.104.231.137
948,Case,Peatman,cpeatmannj@cbslocal.com,Male,196.205.97.162
949,Kenn,Osmund,kosmundnk@ucsd.edu,Male,78.106.254.174
950,Chrisse,Riddlesden,criddlesdennl@yahoo.com,Male,253.44.246.18
951,Jon,Sheircliffe,jsheircliffenm@merriam-webster.com,Polygender,91.22.38.166
952,Antonius,Noraway,anorawaynn@deviantart.com,Non-binary,61.138.163.202
953,Leilah,Coase,lcoaseno@samsung.com,Female,123.143.62.171
954,Clementius,Shalloe,cshalloenp@theguardian.com,Male,146.142.128.210
955,Byron,Simmonett,bsimmonettnq@istockphoto.com,Male,28.51.100.236
956,Fred,Senten,fsentennr@state.tx.us,Male,28.158.181.96
957,Marlane,Greydon,mgreydonns@tripadvisor.com,Genderfluid,47.171.57.114
958,Kippy,Roze,krozent@wix.com,Male,104.74.97.213
959,Theodosia,Crowdson,tcrowdsonnu@1und1.de,Female,50.123.152.28
960,Kristyn,Beckhurst,kbeckhurstnv@constantcontact.com,Female,194.57.218.56
961,Geoffrey,Merwe,gmerwenw@illinois.edu,Male,227.222.53.121
962,Seana,Sedgemore,ssedgemorenx@ihg.com,Female,112.67.160.48
963,Isa,D'Ugo,idugony@privacy.gov.au,Male,95.154.47.155
964,Farlee,Fettes,ffettesnz@cisco.com,Male,23.162.101.9
965,Valentine,Readshall,vreadshallo0@dion.ne.jp,Male,186.154.165.118
966,Lincoln,MacCroary,lmaccroaryo1@parallels.com,Genderfluid,89.63.14.1
967,Maxwell,Tomley,mtomleyo2@china.com.cn,Male,3.105.18.171
968,Orren,Budibent,obudibento3@sfgate.com,Male,53.56.113.125
969,Steve,Laundon,slaundono4@yelp.com,Male,188.22.170.148
970,Caro,MacTrustram,cmactrustramo5@homestead.com,Female,208.137.209.80
971,Olivette,De Malchar,odemalcharo6@sun.com,Non-binary,208.28.167.167
972,Orlan,Verrillo,overrilloo7@imageshack.us,Male,130.247.89.73
973,Chrystel,Dunford,cdunfordo8@dedecms.com,Female,105.48.144.98
974,Mendel,Legate,mlegateo9@vk.com,Male,55.127.86.215
975,Damiano,Sallowaye,dsallowayeoa@omniture.com,Male,63.250.221.230
976,Storm,Whiteman,swhitemanob@wufoo.com,Female,26.51.40.90
977,Lea,Munning,lmunningoc@wisc.edu,Female,76.190.142.68
978,Brand,Clear,bclearod@un.org,Male,132.72.154.102
979,Bliss,Richen,brichenoe@jimdo.com,Female,113.190.110.71
980,Rheba,Brunt,rbruntof@sitemeter.com,Female,249.153.40.207
981,Ainslee,Brydon,abrydonog@ucsd.edu,Bigender,46.151.53.206
982,Bud,Antoniou,bantoniouoh@mozilla.com,Male,213.180.61.239
983,Far,Barnardo,fbarnardooi@infoseek.co.jp,Male,124.23.79.70
984,Harriette,Curnok,hcurnokoj@flickr.com,Female,21.115.146.232
985,Anny,Wigfall,awigfallok@bloomberg.com,Female,223.115.172.54
986,Jaynell,Deller,jdellerol@unicef.org,Female,74.85.235.129
987,Johnette,Tomasi,jtomasiom@narod.ru,Female,118.176.91.32
988,Erwin,Doylend,edoylendon@sitemeter.com,Male,133.108.166.191
989,Alano,Kneale,aknealeoo@globo.com,Male,181.163.17.174
990,Maynard,Seiffert,mseiffertop@dyndns.org,Male,87.73.98.34
991,Moria,Chalkly,mchalklyoq@friendfeed.com,Female,8.126.236.154
992,Benoite,MacAindreis,bmacaindreisor@shareasale.com,Female,52.115.126.225
993,Jenni,Insull,jinsullos@cbc.ca,Female,254.153.169.85
994,Schuyler,Treamayne,streamayneot@blogs.com,Agender,246.89.32.95
995,Giuseppe,Bilborough,gbilboroughou@pcworld.com,Male,6.148.118.215
996,Jillane,de Marco,jdemarcoov@mediafire.com,Female,12.72.192.39
997,Emera,Leinweber,eleinweberow@theatlantic.com,Female,100.80.251.77
998,Davin,Hallan,dhallanox@usda.gov,Male,135.211.199.45
999,Deedee,Horbath,dhorbathoy@hibu.com,Female,160.172.242.95
1000,Bobbe,Gumb,bgumboz@google.co.uk,Female,231.6.8.93
1001,Klarrisa,Crudgington,kcrudgingtonp0@amazon.co.uk,Female,28.244.223.139
1002,Wells,Pawellek,wpawellekp1@pcworld.com,Male,102.196.41.143
1003,Grata,MacKaig,gmackaigp2@noaa.gov,Female,75.79.3.61
1004,Constancy,McKinn,cmckinnp3@odnoklassniki.ru,Female,178.165.107.56
1005,Milt,Faber,mfaberp4@google.com.br,Male,150.179.109.96
1006,Kara,Molyneaux,kmolyneauxp5@hostgator.com,Female,183.116.180.141
1007,Dion,Gadney,dgadneyp6@theatlantic.com,Female,157.130.93.150
1008,Lina,Neilus,lneilusp7@google.cn,Female,35.142.181.97
1009,Rosabel,Adrain,radrainp8@paypal.com,Female,94.102.4.67
1010,Ermin,Gantley,egantleyp9@joomla.org,Male,243.102.241.254
1011,Alphard,Luchelli,aluchellipa@4shared.com,Male,204.53.184.240
1012,Verine,Readwin,vreadwinpb@naver.com,Bigender,210.7.142.76
1013,Grenville,Beaney,gbeaneypc@t-online.de,Male,151.228.141.108
1014,Aurie,Dedden,adeddenpd@usatoday.com,Non-binary,93.154.204.235
1015,Livvy,Deehan,ldeehanpe@bloglovin.com,Female,65.230.110.99
1016,Timothy,Partener,tpartenerpf@wix.com,Male,69.82.176.218
1017,Broddie,Savins,bsavinspg@cbslocal.com,Male,121.234.57.12
1018,Lucas,Haquard,lhaquardph@businesswire.com,Male,49.151.250.175
1019,Rianon,Brimmicombe,rbrimmicombepi@mlb.com,Bigender,7.199.32.64
1020,Marthena,Kennelly,mkennellypj@slate.com,Female,88.118.22.70
1021,Michelina,McGeagh,mmcgeaghpk@reference.com,Female,38.103.16.98
1022,Cash,Hanselmann,chanselmannpl@woothemes.com,Male,71.87.50.86
1023,Izak,Megany,imeganypm@slate.com,Male,19.96.84.160
1024,Rebecka,Snashall,rsnashallpn@smh.com.au,Female,7.28.26.7
1025,Sutton,Philbin,sphilbinpo@google.com,Male,106.115.8.30
1026,Hewett,Blenkinsopp,hblenkinsopppp@phoca.cz,Male,103.75.115.122
1027,Emanuele,Gogay,egogaypq@mayoclinic.com,Male,198.165.207.235
1028,Evelin,Filchagin,efilchaginpr@google.com.hk,Male,170.58.44.117
1029,Kaylee,Shellum,kshellumps@cdbaby.com,Female,204.54.135.31
1030,Zedekiah,Huntriss,zhuntrisspt@topsy.com,Male,76.138.195.158
1031,Heida,Loblie,hlobliepu@ted.com,Female,171.172.129.57
1032,Eric,Perle,eperlepv@mozilla.com,Male,133.67.80.243
1033,Erda,Kneel,ekneelpw@soup.io,Female,185.30.173.143
1034,Riordan,Dall,rdallpx@rediff.com,Male,15.98.136.205
1035,Dominick,Muldowney,dmuldowneypy@amazon.com,Male,217.69.99.34
1036,Lira,Esmonde,lesmondepz@google.es,Female,114.43.12.71
1037,Loraine,Eldin,leldinq0@github.io,Female,46.222.233.187
1038,Sarena,Dunsmuir,sdunsmuirq1@tripod.com,Female,68.151.130.91
1039,Cathleen,Wimlett,cwimlettq2@vinaora.com,Female,66.207.232.210
1040,Joan,Chubb,jchubbq3@taobao.com,Female,84.232.114.244
1041,Erina,Chatel,echatelq4@miibeian.gov.cn,Female,161.226.11.34
1042,Jase,Shooter,jshooterq5@ted.com,Male,129.135.137.196
1043,Naoma,Vedmore,nvedmoreq6@topsy.com,Agender,148.243.24.120
1044,Nicolai,Izchaki,nizchakiq7@economist.com,Male,145.120.70.52
1045,Eugenie,Garrigan,egarriganq8@slate.com,Female,118.29.251.131
1046,Jerrome,Cubbinelli,jcubbinelliq9@si.edu,Male,204.169.220.153
1047,Gabbey,McGow,gmcgowqa@va.gov,Female,11.90.15.12
1048,Mahmoud,Featherston,mfeatherstonqb@theguardian.com,Male,13.174.229.67
1049,Kailey,Herrieven,kherrievenqc@google.nl,Polygender,112.34.184.114
1050,Tybi,Splevins,tsplevinsqd@huffingtonpost.com,Female,126.12.121.76
1051,Naomi,Mayze,nmayzeqe@marketwatch.com,Female,56.83.15.66
1052,Farlee,McCrie,fmccrieqf@parallels.com,Male,239.28.176.37
1053,Chere,Kaygill,ckaygillqg@quantcast.com,Female,44.8.241.145
1054,Neel,Brockhouse,nbrockhouseqh@scientificamerican.com,Male,55.4.153.217
1055,Andeee,Mackneis,amackneisqi@ca.gov,Female,200.114.227.224
1056,Laurella,Leighfield,lleighfieldqj@globo.com,Female,166.172.17.209
1057,Marcie,Dowling,mdowlingqk@cnn.com,Female,120.19.83.216
1058,Brit,Willbraham,bwillbrahamql@cmu.edu,Male,35.182.213.149
1059,Aleece,Whear,awhearqm@mysql.com,Female,1.213.250.128
1060,Rolph,Canto,rcantoqn@arizona.edu,Male,114.86.125.62
1061,Benn,Rozanski,brozanskiqo@myspace.com,Male,172.206.172.151
1062,Kristien,Lowey,kloweyqp@discuz.net,Female,50.112.104.173
1063,Jessey,Dahmke,jdahmkeqq@miibeian.gov.cn,Male,51.221.22.233
1064,Somerset,Wherry,swherryqr@omniture.com,Non-binary,142.161.101.187
1065,Linus,Evert,levertqs@spiegel.de,Male,75.180.155.20
1066,Rorie,Hampton,rhamptonqt@dropbox.com,Female,154.15.144.148
1067,Gabbie,Ingamells,gingamellsqu@diigo.com,Male,11.241.53.198
1068,Sonnie,Furmedge,sfurmedgeqv@cnbc.com,Male,67.10.51.107
1069,Klement,Tanswell,ktanswellqw@virginia.edu,Male,23.22.64.13
1070,Prentiss,Jeffry,pjeffryqx@blogs.com,Male,38.76.254.162
1071,Barnie,Garrick,bgarrickqy@posterous.com,Male,82.215.148.179
1072,Emanuele,Bailie,ebailieqz@google.ca,Male,113.98.126.246
1073,Corette,Sanders,csandersr0@reverbnation.com,Female,115.228.104.43
1074,Jennee,Belden,jbeldenr1@about.me,Female,183.184.128.247
1075,Allianora,Carsberg,acarsbergr2@fotki.com,Female,42.163.187.159
1076,Sapphire,Lecordier,slecordierr3@cafepress.com,Female,81.41.134.110
1077,Konstantin,Wardroper,kwardroperr4@about.me,Genderfluid,62.228.239.56
1078,Leisha,Gunter,lgunterr5@newsvine.com,Female,197.102.3.25
1079,Brew,Beldon,bbeldonr6@simplemachines.org,Male,4.22.61.84
1080,Fairleigh,Lowten,flowtenr7@constantcontact.com,Polygender,185.202.49.116
1081,Emmott,Reyes,ereyesr8@storify.com,Male,88.240.90.110
1082,Woodie,Brittian,wbrittianr9@uol.com.br,Male,224.90.87.152
1083,Lucius,Launder,llaunderra@japanpost.jp,Male,45.39.17.57
1084,Derby,McIlreavy,dmcilreavyrb@microsoft.com,Male,172.92.76.159
1085,Lancelot,Dragge,ldraggerc@huffingtonpost.com,Male,209.92.160.165
1086,Conrad,Kenwin,ckenwinrd@aol.com,Male,200.34.112.77
1087,Elga,Preshaw,epreshawre@illinois.edu,Female,233.70.240.222
1088,Nerty,Sollom,nsollomrf@tripadvisor.com,Female,83.207.206.247
1089,Collin,Pescott,cpescottrg@pen.io,Male,220.42.251.214
1090,Yoshiko,Hendonson,yhendonsonrh@eepurl.com,Female,217.244.27.150
1091,Issiah,Styles,istylesri@va.gov,Male,82.139.137.44
1092,Jamaal,Halms,jhalmsrj@harvard.edu,Male,96.15.253.244
1093,Ramona,Gilphillan,rgilphillanrk@cnet.com,Female,54.27.238.132
1094,Marleen,Simonaitis,msimonaitisrl@blogspot.com,Female,255.4.229.131
1095,Mirella,Arnaudi,marnaudirm@wunderground.com,Female,206.189.22.61
1096,Gibby,Howse,ghowsern@spiegel.de,Male,193.179.9.65
1097,Renata,Headings,rheadingsro@barnesandnoble.com,Female,78.24.11.191
1098,Rodrigo,Joseph,rjosephrp@tiny.cc,Male,239.56.253.39
1099,Arthur,Tocqueville,atocquevillerq@edublogs.org,Male,167.216.57.174
1100,Tedd,Groves,tgrovesrr@instagram.com,Male,72.78.58.240
