id,first_name,last_name,email,gender,ip_address
1,Sholom,Hamshar,shamshar0@adobe.com,Male,91.55.143.202
2,Sean,Moyer,smoyer1@indiatimes.com,Female,150.65.63.199
3,Toinette,Piolli,tpiolli2@bbb.org,Female,16.95.75.237
4,Vonni,Behrend,vbehrend3@hatena.ne.jp,Female,92.199.219.197
5,Garwin,Yukhnin,gyukhnin4@salon.com,Male,63.191.234.67
6,Olympia,Thistleton,othistleton5@geocities.com,Female,167.119.79.67
7,Maurizia,Furlonge,mfurlonge6@g.co,Female,14.75.241.16
8,Will,Puve,wpuve7@drupal.org,Male,41.188.97.167
9,Desmund,Meiklam,dmeiklam8@bing.com,Male,73.126.97.136
10,Barron,Friel,bfriel9@dion.ne.jp,Male,50.15.45.63
11,Giorgia,Loxley,gloxleya@netscape.com,Female,131.190.184.53
12,Viki,Woffenden,vwoffendenb@csmonitor.com,Non-binary,38.214.211.238
13,Kevon,Michael,kmichaelc@about.me,Male,218.47.155.117
14,Billy,Bycraft,bbycraftd@hubpages.com,Female,244.37.60.123
15,Johannes,Scougal,jscougale@umn.edu,Male,254.131.177.233
16,Zachery,Hamill,zhamillf@ihg.com,Male,226.208.14.152
17,Maury,Leyfield,mleyfieldg@tripod.com,Male,250.103.224.76
18,Jacky,Jados,jjadosh@ucoz.com,Male,190.171.34.160
19,Durant,Ogilvy,dogilvyi@elegantthemes.com,Male,195.103.173.197
20,Gaston,Guinn,gguinnj@wp.com,Agender,183.185.80.207
21,Adan,Blackwell,ablackwellk@google.com.hk,Bigender,31.89.74.98
22,Evyn,Keningham,ekeninghaml@tripadvisor.com,Male,45.124.59.233
23,Esme,Kilpin,ekilpinm@hc360.com,Male,231.128.196.210
24,Ethelbert,D'Elias,edeliasn@ca.gov,Male,15.5.202.33
25,Errick,Taft,etafto@myspace.com,Male,233.139.138.223
26,Ilysa,Hayes,ihayesp@people.com.cn,Female,197.88.138.60
27,Dyanna,Voyce,dvoyceq@economist.com,Polygender,34.184.108.224
28,Angil,Pahler,apahlerr@ehow.com,Genderqueer,50.150.58.156
29,Esmaria,Bruyns,ebruynss@miitbeian.gov.cn,Female,103.6.3.147
30,Sophie,Fynn,sfynnt@printfriendly.com,Female,99.238.25.188
31,Natka,Champniss,nchampnissu@businesswire.com,Non-binary,180.129.220.117
32,Conney,Stucksbury,cstucksburyv@cocolog-nifty.com,Male,112.66.93.163
33,Harlin,Wessing,hwessingw@merriam-webster.com,Polygender,91.156.255.59
34,Dmitri,Deavall,ddeavallx@telegraph.co.uk,Male,177.68.87.98
35,Elinor,Vaissiere,evaissierey@pbs.org,Female,162.51.70.179
36,Grant,Hallor,ghallorz@reference.com,Male,40.65.85.41
37,Iver,Nuzzetti,inuzzetti10@angelfire.com,Genderfluid,149.86.86.91
38,Herve,Agutter,hagutter11@phoca.cz,Male,200.239.91.173
39,Steve,Scrancher,sscrancher12@ftc.gov,Male,21.246.73.22
40,Shela,Emmins,semmins13@51.la,Female,157.92.92.253
41,Duffie,Geraud,dgeraud14@oracle.com,Male,16.139.123.116
42,Ryley,Valdes,rvaldes15@dot.gov,Male,152.177.12.194
43,Marianna,Regus,mregus16@ebay.co.uk,Female,93.248.171.226
44,Rebeca,Casa,rcasa17@theatlantic.com,Female,171.26.208.234
45,Bevan,McCurtin,bmccurtin18@google.co.jp,Male,191.207.142.0
46,Carmella,Thornally,cthornally19@kickstarter.com,Female,135.244.21.252
47,Emmalynne,Gerritzen,egerritzen1a@youtube.com,Female,114.230.229.181
48,Kippar,Trevallion,ktrevallion1b@exblog.jp,Male,231.14.20.9
49,Dionysus,Clutram,dclutram1c@lycos.com,Male,237.95.73.168
50,Bartolemo,Clawley,bclawley1d@bloglovin.com,Male,30.254.14.211
51,Bar,Cockren,bcockren1e@youku.com,Male,140.75.89.185
52,Fanchon,Borrett,fborrett1f@51.la,Female,107.219.6.170
53,Sidonia,Camelin,scamelin1g@moonfruit.com,Female,20.15.96.146
54,Margot,Hacard,mhacard1h@google.com.au,Female,112.244.155.74
55,Christi,Bonallack,cbonallack1i@4shared.com,Bigender,198.168.242.96
56,Shawnee,Sinderson,ssinderson1j@example.com,Female,13.64.4.207
57,Giacomo,Mousley,gmousley1k@naver.com,Genderqueer,116.97.58.29
58,Hedda,Hannon,hhannon1l@edublogs.org,Female,13.63.142.44
59,Nanny,Conway,nconway1m@flavors.me,Female,169.131.200.124
60,Anstice,Sandars,asandars1n@reuters.com,Female,214.170.146.1
61,Alina,de Savery,adesavery1o@shareasale.com,Bigender,132.167.113.156
62,Antonie,Ridsdell,aridsdell1p@ycombinator.com,Female,114.68.239.125
63,Zach,Goldthorpe,zgoldthorpe1q@is.gd,Male,166.94.115.111
64,Brandie,Reynoollds,breynoollds1r@boston.com,Female,5.127.114.26
65,Mahmoud,Raiment,mraiment1s@amazonaws.com,Male,176.143.77.182
66,Alain,Strutton,astrutton1t@ucla.edu,Male,15.242.36.182
67,Abdul,Rothman,arothman1u@google.com.au,Male,61.226.221.135
68,Verena,Sollowaye,vsollowaye1v@redcross.org,Female,171.155.29.224
69,Paulie,Kaes,pkaes1w@europa.eu,Female,19.1.83.159
70,Estrellita,Drinkale,edrinkale1x@livejournal.com,Non-binary,142.227.43.240
71,Feliks,Lazarus,flazarus1y@state.gov,Male,222.33.213.103
72,Andrew,Leaver,aleaver1z@freewebs.com,Male,207.36.32.214
73,Vasili,Catcheside,vcatcheside20@illinois.edu,Male,97.232.128.109
74,Shepherd,Scurrah,sscurrah21@liveinternet.ru,Male,202.101.154.66
75,Marleen,Vallance,mvallance22@delicious.com,Female,72.195.50.48
76,Augusto,Oddey,aoddey23@bbc.co.uk,Male,246.73.23.55
77,Saw,Noriega,snoriega24@loc.gov,Male,247.33.153.187
78,Hedvige,Blamphin,hblamphin25@opensource.org,Female,158.230.39.183
79,Morten,O'Hartagan,mohartagan26@cisco.com,Non-binary,216.97.51.216
80,Jermayne,Pezey,jpezey27@constantcontact.com,Male,28.220.164.146
81,Rana,Raddon,rraddon28@angelfire.com,Female,99.112.197.153
82,Udall,D'Errico,uderrico29@nhs.uk,Male,57.242.152.188
83,Georgeanne,Trobe,gtrobe2a@nymag.com,Female,112.145.111.198
84,Babb,Wilman,bwilman2b@instagram.com,Female,60.33.135.53
85,Melli,Greer,mgreer2c@boston.com,Female,24.123.44.208
86,Hart,Elsby,helsby2d@tmall.com,Male,184.165.86.205
87,Harlin,Wasiela,hwasiela2e@phoca.cz,Male,146.123.106.136
88,Beulah,Sparkwell,bsparkwell2f@etsy.com,Female,177.163.102.29
89,Trstram,Brouwer,tbrouwer2g@linkedin.com,Male,95.193.168.181
90,Livvyy,Bringloe,lbringloe2h@loc.gov,Female,73.71.50.210
91,Thalia,Cathery,tcathery2i@ehow.com,Female,105.115.231.171
92,Hinze,Boldock,hboldock2j@blogs.com,Male,13.200.45.231
93,Trudi,Eynald,teynald2k@infoseek.co.jp,Female,169.237.168.145
94,Joaquin,Absolem,jabsolem2l@foxnews.com,Male,86.223.8.86
95,Alain,Ruggier,aruggier2m@hexun.com,Male,78.50.113.18
96,Donny,Beeckx,dbeeckx2n@blogger.com,Male,114.86.198.53
97,Shepherd,Tolerton,stolerton2o@topsy.com,Male,230.100.233.18
98,Morris,Clixby,mclixby2p@uol.com.br,Male,221.66.162.210
99,Kingston,Buttle,kbuttle2q@state.gov,Male,91.1.153.173
100,Rickie,Domingues,rdomingues2r@cargocollective.com,Female,139.137.58.225
