id,first_name,last_name,email,gender,ip_address
1101,Suellen,Abbatt,sabbatt0@tumblr.com,Bigender,84.247.39.25
1102,Lind,Baltzar,lbaltzar1@prlog.org,Female,159.209.81.248
1103,Thebault,Dahlborg,tdahlborg2@friendfeed.com,Male,145.124.245.65
1104,Ruth,Ionn,rionn3@bizjournals.com,Female,18.70.12.221
1105,Bess,Fairlaw,bfairlaw4@exblog.jp,Female,253.118.43.38
1106,Berget,Rowler,browler5@amazon.com,Non-binary,42.87.252.65
1107,Alastair,Blowfield,ablowfield6@yolasite.com,Male,77.86.109.176
1108,Noah,Scade,nscade7@nba.com,Genderqueer,167.36.201.11
1109,Dottie,Karlolak,dkarlolak8@gnu.org,Female,16.92.170.230
1110,Gussie,Hatfull,ghatfull9@163.com,Female,110.219.89.139
1111,Lauren,Bartalin,lbartalina@columbia.edu,Male,226.207.229.31
1112,Jonathan,Hedger,jhedgerb@statcounter.com,Male,115.189.250.81
1113,Umeko,Quantick,uquantickc@nsw.gov.au,Female,118.206.125.110
1114,Rennie,Barracks,rbarracksd@foxnews.com,Female,63.98.182.208
1115,Shani,Klimes,sklimese@geocities.jp,Non-binary,1.116.10.218
1116,Ring,Faivre,rfaivref@cisco.com,Polygender,196.77.108.240
1117,Reade,Vasyutichev,rvasyutichevg@jugem.jp,Male,217.220.215.236
1118,Elmo,Ridger,eridgerh@acquirethisname.com,Male,155.53.133.170
1119,Hagan,Cooney,hcooneyi@ucla.edu,Male,217.209.244.83
1120,Pooh,Jiri,pjirij@blogs.com,Female,240.209.146.75
1121,Etan,Squibbes,esquibbesk@hatena.ne.jp,Polygender,206.192.233.2
1122,Vonny,Mereweather,vmereweatherl@prweb.com,Female,108.42.180.183
1123,Conan,Dominick,cdominickm@sphinn.com,Male,110.9.140.39
1124,Isaiah,Batsford,ibatsfordn@simplemachines.org,Male,126.116.220.17
1125,Deidre,Layfield,dlayfieldo@nps.gov,Female,235.236.167.181
1126,Cammie,Lightowler,clightowlerp@nba.com,Female,127.253.250.215
1127,Bambi,Hagland,bhaglandq@princeton.edu,Bigender,42.80.217.86
1128,Constantia,Tankin,ctankinr@fema.gov,Female,38.102.205.24
1129,Hamel,Haggarth,hhaggarths@barnesandnoble.com,Male,178.92.173.76
1130,Evania,Aldham,ealdhamt@geocities.com,Female,121.29.157.144
1131,Neely,Sturror,nsturroru@joomla.org,Female,133.59.201.148
1132,Ezri,Langton,elangtonv@mac.com,Male,204.227.152.21
1133,Ingeberg,Janowski,ijanowskiw@jimdo.com,Genderqueer,251.153.166.145
1134,Marty,Janas,mjanasx@globo.com,Male,226.182.201.153
1135,Dulcinea,Jeduch,djeduchy@biglobe.ne.jp,Polygender,187.222.226.222
1136,Fleurette,Swindell,fswindellz@bandcamp.com,Female,39.114.31.20
1137,Michaela,Baldree,mbaldree10@cyberchimps.com,Female,214.199.8.5
1138,Ardelle,Lauderdale,alauderdale11@cisco.com,Female,91.15.38.43
1139,Fairfax,Kunzel,fkunzel12@addtoany.com,Male,226.115.133.105
1140,Ephrem,Wyllcocks,ewyllcocks13@topsy.com,Male,129.220.177.201
1141,Christan,Llorente,cllorente14@sbwire.com,Genderqueer,243.48.47.20
1142,Jenni,Calken,jcalken15@flavors.me,Female,5.213.90.89
1143,Kaitlyn,Pagitt,kpagitt16@instagram.com,Female,178.162.246.42
1144,Pepito,Humphrys,phumphrys17@illinois.edu,Male,70.114.189.171
1145,Demeter,Albutt,dalbutt18@google.co.jp,Non-binary,26.243.77.126
1146,Freemon,Tibbotts,ftibbotts19@twitpic.com,Male,85.181.7.186
1147,Emmanuel,Duffus,eduffus1a@surveymonkey.com,Male,84.127.139.130
1148,Roxi,Ferber,rferber1b@miitbeian.gov.cn,Female,208.6.232.240
1149,Marlie,Khoter,mkhoter1c@nhs.uk,Female,197.19.181.115
1150,Corinne,Copplestone,ccopplestone1d@webnode.com,Female,44.207.225.168
1151,Toma,Baulcombe,tbaulcombe1e@cnn.com,Female,213.220.74.144
1152,Briggs,Guilfoyle,bguilfoyle1f@chronoengine.com,Male,95.110.158.249
1153,Dirk,Janaszewski,djanaszewski1g@dyndns.org,Male,167.190.14.252
1154,Hallsy,Jako,hjako1h@google.com.au,Male,193.122.60.46
1155,Kahlil,Baggett,kbaggett1i@usda.gov,Male,108.63.189.167
1156,Goldi,Petruska,gpetruska1j@seattletimes.com,Female,236.14.221.231
1157,Orland,Collinwood,ocollinwood1k@abc.net.au,Male,219.159.60.122
1158,Way,Moffat,wmoffat1l@mtv.com,Male,97.101.213.87
1159,Kipper,Lambdon,klambdon1m@usatoday.com,Male,105.160.184.141
1160,Anita,Somerled,asomerled1n@istockphoto.com,Female,247.204.37.3
1161,Mandy,De Blasio,mdeblasio1o@fda.gov,Female,42.32.89.156
1162,Theodoric,Postle,tpostle1p@samsung.com,Male,177.43.50.40
1163,Norby,Gierhard,ngierhard1q@oaic.gov.au,Male,226.23.58.170
1164,Fan,Schindler,fschindler1r@tinyurl.com,Female,170.2.109.115
1165,Bryna,Gierhard,bgierhard1s@multiply.com,Female,103.230.117.101
1166,Hunfredo,Patnelli,hpatnelli1t@virginia.edu,Male,231.100.19.162
1167,Briney,Moreinis,bmoreinis1u@mit.edu,Female,8.218.109.76
1168,Sayers,Perrone,sperrone1v@xrea.com,Male,96.185.200.177
1169,Gwyneth,Burnham,gburnham1w@timesonline.co.uk,Female,229.36.106.151
1170,Julee,Vakhlov,jvakhlov1x@techcrunch.com,Genderqueer,184.108.119.168
1171,Giorgi,Bantock,gbantock1y@earthlink.net,Male,179.66.139.66
1172,Vinnie,Dakers,vdakers1z@blogspot.com,Male,238.86.99.153
1173,Berkie,Benkhe,bbenkhe20@weibo.com,Male,98.14.172.68
1174,Ham,McPhail,hmcphail21@webeden.co.uk,Male,46.78.66.162
1175,Yolane,Daelman,ydaelman22@indiegogo.com,Female,217.140.234.250
1176,Seline,Wilgar,swilgar23@hugedomains.com,Female,119.98.178.33
1177,Cherida,Beteriss,cbeteriss24@hao123.com,Female,93.146.9.121
1178,Melva,Kohlert,mkohlert25@yahoo.com,Female,116.200.69.226
1179,Meredith,Askin,maskin26@ucoz.com,Female,170.146.124.194
1180,Anthony,Reily,areily27@army.mil,Male,214.150.11.37
1181,Herman,Gueny,hgueny28@google.ca,Male,162.127.29.34
1182,Olva,Gebhard,ogebhard29@uol.com.br,Female,21.143.36.139
1183,Adelaide,Sheara,asheara2a@prnewswire.com,Female,196.111.14.254
1184,Devonne,Grenfell,dgrenfell2b@indiatimes.com,Female,166.141.63.147
1185,Nissie,Duncklee,nduncklee2c@washington.edu,Female,12.96.165.207
1186,Briano,Kemston,bkemston2d@yandex.ru,Male,221.202.223.55
1187,Marys,Roby,mroby2e@nba.com,Genderfluid,107.76.96.30
1188,Darsie,Elliott,delliott2f@japanpost.jp,Female,54.63.216.50
1189,Ebonee,McKenney,emckenney2g@posterous.com,Female,231.128.57.46
1190,Sadella,Baseggio,sbaseggio2h@biglobe.ne.jp,Female,42.252.38.57
1191,Emalee,Brugh,ebrugh2i@cbc.ca,Female,252.241.33.35
1192,Peg,Tosh,ptosh2j@ucla.edu,Female,45.140.212.223
1193,Antonina,Ruffell,aruffell2k@accuweather.com,Female,199.173.228.73
1194,Odelia,Robard,orobard2l@sfgate.com,Female,99.197.241.64
1195,Flemming,Kettell,fkettell2m@hubpages.com,Male,124.94.246.41
1196,Georgine,Bollands,gbollands2n@devhub.com,Female,70.11.203.252
1197,Esteban,Jodrellec,ejodrellec2o@desdev.cn,Male,221.17.121.25
1198,Isabella,Kubanek,ikubanek2p@rambler.ru,Female,167.145.127.130
1199,Manfred,Allabush,mallabush2q@accuweather.com,Male,31.182.226.183
1200,Yorgo,Polsin,ypolsin2r@linkedin.com,Male,22.19.192.80
1201,Nicholas,Handover,nhandover2s@auda.org.au,Male,29.239.24.234
1202,Marlane,Britney,mbritney2t@dailymotion.com,Female,216.91.232.172
1203,Deeann,Brigshaw,dbrigshaw2u@feedburner.com,Female,120.177.66.43
1204,Leicester,Dykes,ldykes2v@eventbrite.com,Male,36.247.212.156
1205,Washington,Von Brook,wvonbrook2w@printfriendly.com,Male,63.177.123.98
1206,Margaretta,Torrejon,mtorrejon2x@liveinternet.ru,Female,211.197.50.91
1207,Nadia,Valder,nvalder2y@etsy.com,Bigender,103.204.17.47
1208,Zebadiah,Hockey,zhockey2z@vinaora.com,Male,110.87.238.98
1209,Way,Dirkin,wdirkin30@cdbaby.com,Male,20.45.13.179
1210,Arlene,Argabrite,aargabrite31@npr.org,Female,23.225.156.178
1211,Finn,Reinbach,freinbach32@prlog.org,Male,208.186.25.62
1212,Joby,Highman,jhighman33@hibu.com,Female,136.255.3.114
1213,Callie,Terrazzo,cterrazzo34@blogspot.com,Female,141.46.228.197
1214,Cynthie,Jaqueminet,cjaqueminet35@mac.com,Female,199.254.98.180
1215,Joseph,Lempenny,jlempenny36@dedecms.com,Male,167.121.175.75
1216,Kevyn,Robeson,krobeson37@wordpress.com,Female,85.170.139.182
1217,Domenic,Isoldi,disoldi38@ft.com,Male,66.96.0.83
1218,Rivalee,Wace,rwace39@msn.com,Female,45.51.40.216
1219,Gan,Meale,gmeale3a@howstuffworks.com,Genderqueer,183.107.10.160
1220,Raquela,Coldwell,rcoldwell3b@state.gov,Polygender,38.228.199.45
1221,Micheil,Cotherill,mcotherill3c@state.tx.us,Male,184.171.202.154
1222,Fidelio,Hurren,fhurren3d@goo.ne.jp,Male,8.129.83.233
1223,Gwyneth,Edie,gedie3e@dmoz.org,Female,50.137.55.139
1224,Enid,Sidden,esidden3f@foxnews.com,Female,228.149.149.181
1225,Mead,Dibbin,mdibbin3g@cbc.ca,Male,183.253.24.245
1226,Harley,Chivrall,hchivrall3h@theguardian.com,Male,151.56.204.239
1227,Cyrillus,Le Friec,clefriec3i@wikispaces.com,Male,182.49.181.233
1228,Loreen,Tebbitt,ltebbitt3j@dropbox.com,Female,216.52.238.235
1229,Jonell,Tassell,jtassell3k@nymag.com,Female,190.205.67.123
1230,Nancie,Macenzy,nmacenzy3l@weather.com,Female,86.153.230.203
1231,Minnnie,Pannaman,mpannaman3m@narod.ru,Female,92.14.205.155
1232,Florian,Crielly,fcrielly3n@github.io,Male,98.140.197.113
1233,Leonidas,Pluck,lpluck3o@cbc.ca,Male,143.148.22.245
1234,Victoir,Perrelle,vperrelle3p@hubpages.com,Male,225.110.119.105
1235,Raymond,Brasseur,rbrasseur3q@last.fm,Male,6.11.111.155
1236,Peggie,Androletti,pandroletti3r@4shared.com,Female,169.178.116.122
1237,Valery,Pigny,vpigny3s@privacy.gov.au,Female,117.53.114.62
1238,Lucia,MacCallester,lmaccallester3t@boston.com,Female,116.241.206.10
1239,Antonie,Lampaert,alampaert3u@irs.gov,Genderqueer,189.234.192.96
1240,Oralee,Verty,overty3v@time.com,Female,169.2.113.31
1241,Jaye,Sommerly,jsommerly3w@toplist.cz,Male,72.232.174.117
1242,Johnny,Bartalin,jbartalin3x@sitemeter.com,Male,127.95.206.70
1243,Nerita,Attenborough,nattenborough3y@google.es,Female,63.47.202.71
1244,Rebeka,Ailmer,railmer3z@taobao.com,Female,88.125.144.114
1245,Seana,Ivons,sivons40@prlog.org,Female,78.185.215.195
1246,Jeno,Wandrey,jwandrey41@fastcompany.com,Bigender,64.226.135.69
1247,Hillier,Palfreeman,hpalfreeman42@gnu.org,Male,130.84.244.113
1248,Marchelle,Hallut,mhallut43@pinterest.com,Polygender,80.144.87.21
1249,Dora,Nock,dnock44@yahoo.co.jp,Female,176.111.219.58
1250,Star,Tomisch,stomisch45@usnews.com,Female,5.137.44.50
1251,Symon,Pitney,spitney46@odnoklassniki.ru,Male,128.135.108.112
1252,Mariele,Paulillo,mpaulillo47@aol.com,Female,108.225.195.215
1253,Derek,Antonsen,dantonsen48@marriott.com,Male,125.71.143.61
1254,Marshall,Rosenblad,mrosenblad49@ask.com,Male,214.137.241.97
1255,Veronica,Lackinton,vlackinton4a@liveinternet.ru,Genderqueer,210.90.223.223
1256,Dyane,Bulpitt,dbulpitt4b@fc2.com,Female,60.35.169.207
1257,Hartley,MacCrossan,hmaccrossan4c@mediafire.com,Male,210.163.249.125
1258,Ephraim,McCambridge,emccambridge4d@wired.com,Male,59.236.103.221
1259,Craggy,Brackley,cbrackley4e@clickbank.net,Male,81.36.101.207
1260,Wilow,Millimoe,wmillimoe4f@domainmarket.com,Female,39.144.159.149
1261,Rodolph,Sproson,rsproson4g@cisco.com,Male,193.106.241.90
1262,Robinet,Pressman,rpressman4h@mysql.com,Female,121.120.145.115
1263,Desmond,McLaine,dmclaine4i@who.int,Male,219.203.139.206
1264,Keith,Gawen,kgawen4j@yellowpages.com,Male,121.152.197.116
1265,Hurleigh,Gudd,hgudd4k@tamu.edu,Male,236.9.1.101
1266,Kahlil,O'Canavan,kocanavan4l@soup.io,Male,100.178.221.210
1267,Alwin,Jezard,ajezard4m@technorati.com,Male,59.170.95.53
1268,Katrine,Regi,kregi4n@deliciousdays.com,Female,242.202.117.134
1269,Abraham,Harridge,aharridge4o@dailymail.co.uk,Male,104.82.55.92
1270,Rodi,Sedgemore,rsedgemore4p@google.co.uk,Female,237.232.107.202
1271,Kirby,Artingstall,kartingstall4q@nytimes.com,Male,250.16.129.198
1272,Banky,Keep,bkeep4r@jugem.jp,Male,46.237.77.235
1273,Henrietta,Tosney,htosney4s@amazon.com,Female,125.83.66.222
1274,Des,Leisman,dleisman4t@stanford.edu,Male,219.131.57.57
1275,Elroy,Orehead,eorehead4u@google.cn,Male,251.131.161.34
1276,Bunny,Boow,bboow4v@cnbc.com,Female,52.174.105.120
1277,Darda,Laurent,dlaurent4w@mediafire.com,Female,220.72.184.65
1278,Max,Nare,mnare4x@paypal.com,Male,60.93.140.235
1279,Antony,Feathers,afeathers4y@wunderground.com,Male,216.104.193.181
1280,Osbourn,O'Hagerty,oohagerty4z@creativecommons.org,Male,231.141.234.119
1281,Cherey,Ravilious,cravilious50@clickbank.net,Female,120.210.68.59
1282,Corabella,Pallatina,cpallatina51@state.tx.us,Female,112.166.115.134
1283,Damien,Shird,dshird52@yelp.com,Male,151.103.93.163
1284,Puff,Hedges,phedges53@storify.com,Male,123.254.27.240
1285,Yuri,Davidovitz,ydavidovitz54@mayoclinic.com,Male,46.22.119.14
1286,Bria,Clery,bclery55@usgs.gov,Female,56.173.105.192
1287,Kirbee,Pestell,kpestell56@ovh.net,Female,133.160.97.17
1288,Maddy,Gouly,mgouly57@imgur.com,Male,96.36.14.74
1289,Ninon,McLeary,nmcleary58@sphinn.com,Female,57.55.213.89
1290,Margo,Ellyatt,mellyatt59@barnesandnoble.com,Female,83.5.32.25
1291,Kaylil,Dwerryhouse,kdwerryhouse5a@macromedia.com,Female,133.172.186.51
1292,Orel,Sheehan,osheehan5b@xinhuanet.com,Female,104.162.46.27
1293,Lotte,Bridie,lbridie5c@flavors.me,Female,191.37.223.175
1294,Pail,Mariaud,pmariaud5d@google.es,Male,57.118.203.212
1295,Anders,Manthorpe,amanthorpe5e@rakuten.co.jp,Male,143.44.85.57
1296,Viviene,Skilling,vskilling5f@pcworld.com,Female,145.135.19.161
1297,Mirabel,Ambrogetti,mambrogetti5g@sourceforge.net,Female,170.245.237.112
1298,Anna-maria,Oakwood,aoakwood5h@oakley.com,Female,54.189.161.54
1299,Killie,Hollebon,khollebon5i@tamu.edu,Male,39.72.255.70
1300,Pancho,Jado,pjado5j@ameblo.jp,Male,121.246.118.125
1301,Julietta,McDill,jmcdill5k@sitemeter.com,Female,126.174.242.94
1302,Minette,Arghent,marghent5l@xinhuanet.com,Female,119.76.23.146
1303,Vaughn,Tweedlie,vtweedlie5m@ca.gov,Male,48.232.54.102
1304,Tiertza,Buddle,tbuddle5n@tumblr.com,Female,89.195.55.185
1305,Tallulah,Geibel,tgeibel5o@omniture.com,Female,53.179.220.231
1306,Cornelia,Redgate,credgate5p@redcross.org,Non-binary,227.8.133.219
1307,Englebert,Chrichton,echrichton5q@bbb.org,Male,180.167.28.178
1308,Carrissa,Youdell,cyoudell5r@skype.com,Female,206.252.75.109
1309,Matteo,Shobrook,mshobrook5s@fastcompany.com,Male,248.21.244.111
1310,Cindie,Gibbons,cgibbons5t@bloglovin.com,Female,248.27.135.162
1311,Nelia,Enderlein,nenderlein5u@earthlink.net,Female,142.64.82.225
1312,Casie,Drewson,cdrewson5v@chron.com,Female,30.93.86.252
1313,Luciana,Kennaird,lkennaird5w@cmu.edu,Non-binary,112.24.158.149
1314,Tam,Kipling,tkipling5x@admin.ch,Male,60.99.254.100
1315,Philly,Walford,pwalford5y@gravatar.com,Female,253.16.10.211
1316,Noelani,Llewellen,nllewellen5z@sun.com,Female,142.95.224.253
1317,Portie,Guion,pguion60@businesswire.com,Male,77.153.174.245
1318,Grady,Campos,gcampos61@nature.com,Male,30.65.38.145
1319,Glad,MacElholm,gmacelholm62@chron.com,Female,62.42.198.211
1320,Kary,Korn,kkorn63@dell.com,Female,6.21.179.108
1321,Antons,Bromwich,abromwich64@alexa.com,Male,209.218.133.19
1322,Iggie,Carbine,icarbine65@time.com,Male,207.184.232.17
1323,Shandie,Tollow,stollow66@multiply.com,Female,51.221.81.69
1324,Yolande,Blunt,yblunt67@sciencedaily.com,Female,209.63.242.163
1325,Lu,Marcum,lmarcum68@php.net,Female,166.0.127.210
1326,Frank,Shitliffe,fshitliffe69@about.com,Male,151.252.232.48
1327,Brit,Kernes,bkernes6a@japanpost.jp,Female,148.101.44.16
1328,Florencia,Slocket,fslocket6b@prnewswire.com,Female,57.177.145.52
1329,Randee,Younge,ryounge6c@delicious.com,Female,223.249.91.255
1330,Tresa,Hattigan,thattigan6d@blogs.com,Female,33.221.55.95
1331,Myrah,Cluitt,mcluitt6e@ucoz.com,Female,215.86.127.143
1332,Tomasina,Broxton,tbroxton6f@etsy.com,Female,218.67.77.66
1333,Javier,Lytlle,jlytlle6g@ovh.net,Male,95.103.191.165
1334,Gordan,Huot,ghuot6h@paypal.com,Male,72.105.135.194
1335,Nahum,Stockell,nstockell6i@scientificamerican.com,Male,49.222.87.240
1336,Hilliard,Dan,hdan6j@trellian.com,Male,106.235.157.61
1337,Nessie,Jankiewicz,njankiewicz6k@mtv.com,Female,48.216.145.102
1338,Harlene,Shortt,hshortt6l@zimbio.com,Female,198.200.204.178
1339,Saundra,Alasdair,salasdair6m@youtu.be,Female,126.57.70.108
1340,Timothy,Cabera,tcabera6n@webs.com,Male,58.163.254.182
1341,Earle,Cartner,ecartner6o@163.com,Genderqueer,156.168.182.70
1342,Mariska,Seares,mseares6p@sitemeter.com,Female,134.152.194.163
1343,Hugo,Morot,hmorot6q@comsenz.com,Male,63.234.113.233
1344,Lulu,Notti,lnotti6r@cpanel.net,Female,240.178.182.122
1345,Carlyle,Wildblood,cwildblood6s@npr.org,Male,106.178.194.226
1346,Misty,Lindemann,mlindemann6t@deviantart.com,Female,10.106.11.154
1347,Bo,Cordery,bcordery6u@multiply.com,Male,48.82.245.29
1348,Dane,Craister,dcraister6v@facebook.com,Male,154.100.13.241
1349,Bran,Van Halle,bvanhalle6w@wisc.edu,Male,149.64.225.138
1350,Amble,Horche,ahorche6x@parallels.com,Male,5.166.23.213
1351,Tyrus,Ritter,tritter6y@fema.gov,Male,90.143.65.108
1352,Durand,Schleswig-Holstein,dschleswigholstein6z@yale.edu,Male,189.4.122.161
1353,Minny,Graber,mgraber70@sitemeter.com,Female,14.31.19.228
1354,Nelli,Stoving,nstoving71@gov.uk,Female,161.230.7.240
1355,Anne-marie,Keasy,akeasy72@hugedomains.com,Female,140.95.91.41
1356,Patricio,Timpany,ptimpany73@istockphoto.com,Male,25.204.148.241
1357,Margy,Gowenlock,mgowenlock74@si.edu,Female,189.67.15.103
1358,Leigh,Cowlam,lcowlam75@free.fr,Male,97.163.54.187
1359,Jacinta,Snowman,jsnowman76@chronoengine.com,Female,244.249.156.238
1360,Ottilie,Jaynes,ojaynes77@ehow.com,Female,63.79.64.150
1361,Joey,Gouldsmith,jgouldsmith78@nyu.edu,Male,6.224.157.39
1362,Tom,Frunks,tfrunks79@chronoengine.com,Male,57.170.218.150
1363,Hurlee,McKinn,hmckinn7a@twitter.com,Male,21.6.99.208
1364,Dayle,Dungate,ddungate7b@webeden.co.uk,Non-binary,106.95.20.167
1365,Lukas,Gaskal,lgaskal7c@microsoft.com,Male,211.155.198.248
1366,Cullin,Wren,cwren7d@si.edu,Male,90.54.153.142
1367,Shanta,Handforth,shandforth7e@nih.gov,Female,33.206.103.75
1368,Edna,Thurgood,ethurgood7f@youtube.com,Female,196.62.83.26
1369,Kylie,Dotterill,kdotterill7g@symantec.com,Male,0.187.8.28
1370,Shanda,Lovelady,slovelady7h@simplemachines.org,Female,44.189.40.183
1371,Dredi,Grahl,dgrahl7i@prnewswire.com,Agender,42.106.112.7
1372,Margarette,Jerman,mjerman7j@reddit.com,Female,83.114.220.196
1373,Loren,Peeke-Vout,lpeekevout7k@phoca.cz,Male,94.112.166.18
1374,Budd,Kippins,bkippins7l@g.co,Male,227.152.234.213
1375,Patience,Steffan,psteffan7m@is.gd,Female,115.32.67.171
1376,Zelma,Grinikhin,zgrinikhin7n@sohu.com,Female,206.176.38.151
1377,Georgena,Appleby,gappleby7o@sourceforge.net,Female,210.134.97.106
1378,Issiah,Lukas,ilukas7p@twitter.com,Male,157.122.161.122
1379,Corrina,Thomkins,cthomkins7q@ted.com,Female,168.145.27.231
1380,Verena,Caw,vcaw7r@engadget.com,Female,11.45.151.5
1381,Susannah,Hollingdale,shollingdale7s@apple.com,Female,154.84.12.144
1382,Leesa,Snoxill,lsnoxill7t@tmall.com,Female,40.67.45.152
1383,Marinna,Dohr,mdohr7u@abc.net.au,Female,250.194.211.129
1384,Royal,Morrall,rmorrall7v@japanpost.jp,Male,84.109.2.52
1385,Beckie,Azam,bazam7w@issuu.com,Female,37.224.145.5
1386,Howie,Dyment,hdyment7x@mayoclinic.com,Male,28.2.43.157
1387,Nichols,O'Lunney,nolunney7y@reddit.com,Male,226.7.82.127
1388,Noland,Castanone,ncastanone7z@gnu.org,Male,12.61.22.119
1389,Sadye,Buessen,sbuessen80@marketwatch.com,Female,47.146.11.95
1390,Alejandra,Roland,aroland81@mapquest.com,Female,21.102.251.113
1391,Karmen,Vickerstaff,kvickerstaff82@boston.com,Female,164.254.50.57
1392,Talia,Wagstaffe,twagstaffe83@state.gov,Female,92.211.175.201
1393,Marjie,Burrows,mburrows84@exblog.jp,Female,129.73.244.58
1394,Averyl,Peaple,apeaple85@netlog.com,Agender,220.107.149.225
1395,Flint,Tremblot,ftremblot86@pcworld.com,Male,21.44.216.209
1396,Dore,Clifft,dclifft87@guardian.co.uk,Genderfluid,158.229.227.231
1397,Tonie,Markussen,tmarkussen88@discovery.com,Female,239.57.91.22
1398,Kalli,Evequot,kevequot89@lulu.com,Female,162.115.58.141
1399,Pietro,Longwood,plongwood8a@goo.gl,Male,161.178.34.42
1400,Ira,Galley,igalley8b@google.pl,Male,26.69.105.35
1401,Dela,Stiegars,dstiegars8c@imdb.com,Female,125.153.54.194
1402,Klaus,Guiot,kguiot8d@squidoo.com,Male,75.176.99.219
1403,Raphaela,Caville,rcaville8e@hp.com,Female,209.193.211.149
1404,Gasparo,Heningam,gheningam8f@hc360.com,Male,48.125.0.228
1405,Hoebart,McGeown,hmcgeown8g@friendfeed.com,Male,150.163.214.184
1406,Dannie,MacCombe,dmaccombe8h@icio.us,Bigender,121.185.192.71
1407,Shawnee,Romaint,sromaint8i@g.co,Female,38.179.172.158
1408,Judon,Lucock,jlucock8j@digg.com,Male,3.201.176.161
1409,Crawford,Stigers,cstigers8k@jiathis.com,Male,230.228.237.198
1410,Harrietta,Morch,hmorch8l@ycombinator.com,Agender,88.82.23.61
1411,Dolly,Blanc,dblanc8m@amazon.de,Female,18.20.253.14
1412,Rossie,Diter,rditer8n@opera.com,Male,176.45.203.8
1413,Vonni,Malkinson,vmalkinson8o@state.tx.us,Female,180.233.20.63
1414,Franny,McKevin,fmckevin8p@theglobeandmail.com,Female,247.171.144.128
1415,Arne,Cuttelar,acuttelar8q@cdc.gov,Male,90.12.79.73
1416,Muire,Axcell,maxcell8r@t-online.de,Female,249.101.75.179
1417,Bogey,Szachniewicz,bszachniewicz8s@webeden.co.uk,Male,228.132.11.164
1418,Brett,Gartery,bgartery8t@cargocollective.com,Female,215.120.73.129
1419,Maisie,Hamsley,mhamsley8u@answers.com,Female,120.109.251.59
1420,Karin,Gaither,kgaither8v@twitter.com,Female,245.168.77.124
1421,Lurleen,Ledgard,lledgard8w@myspace.com,Female,151.42.220.119
1422,Merline,Gringley,mgringley8x@bloomberg.com,Female,61.225.207.86
1423,Bordie,McBeath,bmcbeath8y@pen.io,Male,251.255.13.154
1424,Gilli,Purrington,gpurrington8z@imgur.com,Female,65.121.248.85
1425,Freedman,Rubinivitz,frubinivitz90@reference.com,Male,151.45.92.238
1426,Gwendolin,Wooddisse,gwooddisse91@imdb.com,Female,98.72.22.71
1427,Conan,Augur,caugur92@pen.io,Male,151.176.164.213
1428,Florina,MacKnight,fmacknight93@google.com,Female,130.121.28.183
1429,Waylon,Sinkins,wsinkins94@ebay.com,Bigender,197.31.16.93
1430,Jill,Shuttleworth,jshuttleworth95@mapy.cz,Female,126.197.157.84
1431,Lorain,Kennan,lkennan96@nps.gov,Female,163.39.56.104
1432,Judie,Rentcome,jrentcome97@cbc.ca,Bigender,115.152.139.3
1433,Aubrey,Reboul,areboul98@google.pl,Male,76.42.61.27
1434,Arlin,Ligoe,aligoe99@php.net,Male,252.98.240.194
1435,Marjorie,Grece,mgrece9a@usnews.com,Female,92.131.121.192
1436,Betsey,Dancer,bdancer9b@scientificamerican.com,Female,202.17.131.216
1437,Dawn,Rizzotto,drizzotto9c@harvard.edu,Female,177.46.65.1
1438,Arden,Kielty,akielty9d@shinystat.com,Female,40.174.41.193
1439,Gustav,Brampton,gbrampton9e@soundcloud.com,Male,4.135.227.74
1440,Marcelo,Stearn,mstearn9f@google.ru,Genderqueer,181.49.180.235
1441,Adolpho,Summerbell,asummerbell9g@xrea.com,Polygender,14.43.107.210
1442,Asa,Stonard,astonard9h@jiathis.com,Male,252.174.107.143
1443,Wadsworth,Bastie,wbastie9i@ucoz.com,Male,101.71.134.14
1444,Adelbert,Frankowski,afrankowski9j@ibm.com,Male,249.231.126.154
1445,Norby,Skeates,nskeates9k@icio.us,Male,215.6.27.73
1446,Crystal,Goudie,cgoudie9l@biblegateway.com,Female,219.164.31.74
1447,Travers,Egglestone,tegglestone9m@wordpress.org,Male,155.34.100.19
1448,Barthel,Yankov,byankov9n@goo.gl,Male,167.102.92.63
1449,Ernie,Attenborrow,eattenborrow9o@usda.gov,Male,194.184.8.4
1450,Donia,Hasslocher,dhasslocher9p@mit.edu,Female,3.89.36.130
1451,Grantley,Bassil,gbassil9q@t-online.de,Male,161.150.84.249
1452,Glenn,Lown,glown9r@multiply.com,Non-binary,121.111.90.0
1453,Mortimer,Goggins,mgoggins9s@163.com,Male,144.107.27.71
1454,Neall,Klaaasen,nklaaasen9t@nymag.com,Male,30.84.18.217
1455,Ford,MacCartan,fmaccartan9u@dell.com,Polygender,250.116.236.19
1456,Harli,Baroch,hbaroch9v@domainmarket.com,Female,84.112.133.205
1457,Jackqueline,Leggat,jleggat9w@goo.gl,Female,249.53.158.249
1458,Mignonne,Symon,msymon9x@tripod.com,Bigender,36.164.178.0
1459,Cordula,Booij,cbooij9y@1688.com,Female,202.132.230.115
1460,Thatch,Rylstone,trylstone9z@uol.com.br,Male,230.8.0.100
1461,Siobhan,Danielski,sdanielskia0@rakuten.co.jp,Female,185.39.240.217
1462,Michal,Ineson,minesona1@comsenz.com,Female,54.252.7.54
1463,Wayne,Blockey,wblockeya2@globo.com,Male,136.109.79.85
1464,Tam,Faivre,tfaivrea3@nbcnews.com,Male,38.151.106.237
1465,Theo,Kremer,tkremera4@acquirethisname.com,Male,204.237.187.63
1466,Umberto,Ellyatt,uellyatta5@shop-pro.jp,Genderfluid,22.222.157.239
1467,Marilin,Koppes,mkoppesa6@privacy.gov.au,Female,200.115.12.84
1468,Jacky,Brear,jbreara7@nps.gov,Female,137.180.234.18
1469,Marv,Doumenc,mdoumenca8@nhs.uk,Male,123.97.21.47
1470,Queenie,McAw,qmcawa9@shinystat.com,Female,51.88.201.16
1471,Mathilde,Casale,mcasaleaa@bloglovin.com,Female,63.61.235.249
1472,Olympie,Eagger,oeaggerab@weebly.com,Female,143.253.245.196
1473,Justino,Drummond,jdrummondac@goo.gl,Male,71.184.30.130
1474,Kevyn,Venus,kvenusad@issuu.com,Female,224.41.32.219
1475,Neron,Giovanitti,ngiovanittiae@tamu.edu,Male,9.208.13.249
1476,Anne-corinne,Grebert,agrebertaf@mail.ru,Female,100.23.6.219
1477,Abbe,Whitaker,awhitakerag@dion.ne.jp,Male,25.56.186.22
1478,Renard,Pickthall,rpickthallah@wikia.com,Male,40.15.242.42
1479,Koressa,Wigsell,kwigsellai@studiopress.com,Female,182.192.56.2
1480,Rozella,Loram,rloramaj@google.es,Female,218.52.1.226
1481,Brenden,Raymen,braymenak@fema.gov,Male,190.153.254.80
1482,Barty,Mercer,bmerceral@mac.com,Male,224.61.31.195
1483,Kevon,Waind,kwaindam@nytimes.com,Male,86.13.117.110
1484,Towny,Covelle,tcovellean@archive.org,Male,178.137.183.97
1485,Tabbi,Glennard,tglennardao@chron.com,Female,45.70.176.31
1486,Margaret,McKeran,mmckeranap@vimeo.com,Female,83.21.10.33
1487,Gerhardine,Hansmann,ghansmannaq@paginegialle.it,Female,135.124.104.150
1488,Sergent,Iveagh,siveaghar@answers.com,Male,206.103.21.57
1489,Lorrie,Gatherer,lgathereras@i2i.jp,Male,27.6.109.171
1490,Crawford,Izen,cizenat@latimes.com,Male,63.6.101.46
1491,Rachele,Colgan,rcolganau@sitemeter.com,Female,237.15.120.192
1492,Sharon,Blogg,sbloggav@ox.ac.uk,Female,184.245.34.223
1493,Karlik,Feasey,kfeaseyaw@surveymonkey.com,Male,28.7.172.234
1494,Nathanil,Minshall,nminshallax@dailymail.co.uk,Male,148.192.152.85
1495,Jozef,Patty,jpattyay@cbsnews.com,Male,57.232.113.172
1496,Theodora,Lilliman,tlillimanaz@google.com.br,Female,171.44.9.251
1497,Lora,Cheeld,lcheeldb0@businessinsider.com,Female,229.75.71.65
1498,Berny,Lucien,blucienb1@dailymotion.com,Male,43.200.27.145
1499,Allyson,Sambidge,asambidgeb2@who.int,Female,187.13.121.81
1500,Ferdinanda,Patry,fpatryb3@omniture.com,Non-binary,92.38.135.129
1501,Kiersten,Simson,ksimsonb4@dyndns.org,Female,146.94.216.163
1502,Oralia,Winnett,owinnettb5@gravatar.com,Female,236.66.31.183
1503,Polly,Mindenhall,pmindenhallb6@google.cn,Agender,253.92.51.54
1504,Edmund,Aspall,easpallb7@tripod.com,Male,223.29.201.27
1505,Udale,Rockell,urockellb8@cargocollective.com,Male,29.215.140.116
1506,Estella,Mennell,emennellb9@apache.org,Female,222.96.49.1
1507,Martelle,Bales,mbalesba@studiopress.com,Female,244.147.168.124
1508,Chalmers,Nono,cnonobb@devhub.com,Male,134.67.226.158
1509,Iseabal,Berfoot,iberfootbc@adobe.com,Female,107.86.177.64
1510,Stanley,Itzcovich,sitzcovichbd@last.fm,Male,247.185.41.208
1511,Cristine,Blaine,cblainebe@ucoz.ru,Agender,94.96.163.250
1512,Rubin,Perillo,rperillobf@dailymail.co.uk,Male,108.93.16.194
1513,Kelcie,Iianon,kiianonbg@google.cn,Female,164.138.159.201
1514,Locke,Wrout,lwroutbh@usgs.gov,Male,244.56.109.107
1515,Monty,Hathwood,mhathwoodbi@samsung.com,Male,61.15.29.87
1516,Langston,Vernall,lvernallbj@surveymonkey.com,Male,171.126.111.181
1517,Lorelei,Barbera,lbarberabk@time.com,Female,93.113.48.29
1518,Thayne,Bernetti,tbernettibl@wp.com,Male,106.123.64.115
1519,Norbert,Di Carli,ndicarlibm@icio.us,Male,124.6.192.254
1520,Edi,Largan,elarganbn@ning.com,Female,105.181.110.88
1521,Adeline,Pawlett,apawlettbo@accuweather.com,Female,198.102.196.86
1522,Otto,Sutheran,osutheranbp@google.fr,Male,110.84.164.119
1523,Barny,Selburn,bselburnbq@g.co,Male,175.61.171.137
1524,Shelton,Nason,snasonbr@cornell.edu,Male,56.31.43.171
1525,Scott,Bladen,sbladenbs@furl.net,Male,193.132.221.94
1526,Horace,Trembey,htrembeybt@netscape.com,Male,252.219.252.211
1527,Katuscha,Fermoy,kfermoybu@google.pl,Female,107.7.7.82
1528,Ritchie,Osanne,rosannebv@mozilla.org,Male,154.205.160.209
1529,Tracee,Vannozzii,tvannozziibw@goo.ne.jp,Female,247.241.217.64
1530,Lorri,Phelan,lphelanbx@omniture.com,Female,234.128.35.251
1531,Rosemonde,Venn,rvennby@stumbleupon.com,Female,163.9.224.160
1532,Cassandre,McKernon,cmckernonbz@meetup.com,Female,116.28.180.118
1533,Terrance,Dall,tdallc0@canalblog.com,Agender,244.211.148.227
1534,Garrett,Real,grealc1@acquirethisname.com,Male,12.221.105.196
1535,Mac,Spenceley,mspenceleyc2@prweb.com,Male,39.32.94.27
1536,Chrisse,Weerdenburg,cweerdenburgc3@oakley.com,Male,61.183.73.71
1537,Ailsun,Haily,ahailyc4@studiopress.com,Female,41.164.23.133
1538,Brocky,Lodemann,blodemannc5@ft.com,Male,66.202.33.16
1539,Sara-ann,Powers,spowersc6@fda.gov,Female,225.197.41.87
1540,Kirstyn,Dobrowolny,kdobrowolnyc7@google.co.uk,Genderqueer,80.110.182.49
1541,Nikolos,McGarva,nmcgarvac8@noaa.gov,Male,26.131.84.143
1542,Brandy,Rontsch,brontschc9@pbs.org,Male,21.42.131.35
1543,Carin,Guyton,cguytonca@live.com,Female,112.146.237.219
1544,Pepe,Blunsen,pblunsencb@vk.com,Male,49.171.225.126
1545,Eada,Gredden,egreddencc@bloomberg.com,Female,167.64.70.102
1546,Lauraine,Banasik,lbanasikcd@homestead.com,Female,10.42.206.114
1547,Frannie,Bodleigh,fbodleighce@furl.net,Female,91.201.235.77
1548,Parsifal,Duckett,pduckettcf@storify.com,Male,43.108.198.249
1549,Francesco,Whitford,fwhitfordcg@techcrunch.com,Male,235.218.222.214
1550,Yanaton,Awmack,yawmackch@statcounter.com,Polygender,203.68.185.62
1551,Jesse,Sego,jsegoci@weebly.com,Male,90.21.198.101
1552,Brenden,Vater,bvatercj@shutterfly.com,Male,154.116.148.241
1553,Juditha,Aaronsohn,jaaronsohnck@ucoz.com,Female,255.176.25.26
1554,Dominga,Franssen,dfranssencl@discovery.com,Female,197.157.140.73
1555,Orelia,Gavagan,ogavagancm@sina.com.cn,Female,48.195.200.235
1556,Cooper,Cabera,ccaberacn@unblog.fr,Male,205.109.245.192
1557,Laverna,Bracken,lbrackenco@irs.gov,Female,251.73.58.234
1558,Bertie,Whyman,bwhymancp@hhs.gov,Female,141.41.53.46
1559,Arden,Ducroe,aducroecq@delicious.com,Female,15.104.200.217
1560,Roselia,Kenforth,rkenforthcr@dailymotion.com,Female,147.58.134.244
1561,Silvain,Tertre,stertrecs@networkadvertising.org,Male,75.121.18.133
1562,Buckie,Bretelle,bbretellect@chron.com,Male,101.166.160.129
1563,Kinny,Hodgon,khodgoncu@tumblr.com,Male,182.225.79.50
1564,Bentlee,Ibeson,bibesoncv@cocolog-nifty.com,Male,54.21.40.139
1565,Minda,Devo,mdevocw@phoca.cz,Female,2.208.194.141
1566,Port,Valder,pvaldercx@independent.co.uk,Male,222.93.141.237
1567,Kaylee,Laughlan,klaughlancy@washingtonpost.com,Female,97.168.227.158
1568,Myron,Gronou,mgronoucz@thetimes.co.uk,Male,88.205.80.114
1569,Rheta,Hiland,rhilandd0@umn.edu,Female,81.16.83.216
1570,Fidole,Pencott,fpencottd1@mail.ru,Male,109.68.202.209
1571,Giffard,Philcock,gphilcockd2@facebook.com,Male,197.91.235.234
1572,Baryram,Demcak,bdemcakd3@sina.com.cn,Male,187.239.195.224
1573,Waiter,Cranstoun,wcranstound4@blogspot.com,Male,128.128.144.97
1574,Dall,Rosebotham,drosebothamd5@indiatimes.com,Male,220.17.125.171
1575,Rutherford,Gresswood,rgresswoodd6@jimdo.com,Male,167.177.146.182
1576,Carmen,Aynold,caynoldd7@wired.com,Female,241.217.61.223
1577,Lesley,Brigstock,lbrigstockd8@bbc.co.uk,Male,46.54.127.80
1578,Vanny,Aumerle,vaumerled9@de.vu,Female,31.8.180.151
1579,Petrina,McMenemy,pmcmenemyda@economist.com,Female,30.99.81.0
1580,Carol,Scalia,cscaliadb@phoca.cz,Female,70.71.49.171
1581,Duane,Henrichsen,dhenrichsendc@posterous.com,Male,18.56.162.114
1582,Mela,Lanfer,mlanferdd@discuz.net,Female,30.172.137.238
1583,Dyana,Polsin,dpolsinde@wikispaces.com,Female,98.141.180.22
1584,Abigale,Pitt,apittdf@thetimes.co.uk,Female,23.182.148.162
1585,Chilton,Hinrichsen,chinrichsendg@sohu.com,Male,130.101.205.164
1586,Rockey,Fantini,rfantinidh@github.io,Male,196.149.254.127
1587,Winfred,Arsmith,warsmithdi@abc.net.au,Polygender,26.180.12.118
1588,Friedrick,Newland,fnewlanddj@123-reg.co.uk,Male,183.241.234.207
1589,Merola,Rosenvasser,mrosenvasserdk@e-recht24.de,Female,74.60.155.117
1590,Zorina,Arran,zarrandl@irs.gov,Female,183.73.64.15
1591,Elsi,Gristock,egristockdm@telegraph.co.uk,Female,153.250.244.96
1592,Normie,Bolesworth,nbolesworthdn@statcounter.com,Male,208.6.228.73
1593,Bertie,Clive,bclivedo@topsy.com,Female,142.113.246.78
1594,Brooke,Danilowicz,bdanilowiczdp@hp.com,Female,109.32.63.204
1595,Darcy,Priscott,dpriscottdq@google.cn,Male,13.111.140.44
1596,Odilia,Penella,openelladr@vkontakte.ru,Genderqueer,74.95.218.206
1597,Karalee,Jakucewicz,kjakucewiczds@bbc.co.uk,Female,255.161.20.182
1598,Art,Rhelton,arheltondt@apple.com,Male,121.143.236.56
1599,Hadrian,Pirkis,hpirkisdu@devhub.com,Male,154.121.150.12
1600,Colan,Ranger,crangerdv@uiuc.edu,Male,215.146.210.11
1601,Jordain,Kalaher,jkalaherdw@shop-pro.jp,Female,236.254.144.245
1602,Katheryn,Kitchingham,kkitchinghamdx@shop-pro.jp,Female,47.111.173.163
1603,Audra,Sidgwick,asidgwickdy@booking.com,Female,144.74.78.206
1604,Daphna,Nutbeam,dnutbeamdz@gizmodo.com,Female,211.171.23.249
1605,Aileen,Alwood,aalwoode0@joomla.org,Female,112.153.63.221
1606,Sibel,Quilligan,squilligane1@reuters.com,Non-binary,92.62.228.158
1607,Charleen,Marham,cmarhame2@google.it,Female,40.243.223.120
1608,Griffin,Pendrigh,gpendrighe3@1und1.de,Male,84.176.48.10
1609,Padriac,Wield,pwielde4@reverbnation.com,Male,79.177.73.154
1610,Deonne,Rehor,drehore5@cornell.edu,Female,207.109.140.115
1611,Jodie,Garlee,jgarleee6@amazonaws.com,Female,185.90.42.38
1612,Perice,Slipper,pslippere7@tripadvisor.com,Male,11.148.250.253
1613,Hymie,McWilliams,hmcwilliamse8@craigslist.org,Male,198.135.8.218
1614,Teresita,Mordy,tmordye9@blog.com,Female,110.167.10.179
1615,Bern,Cromblehome,bcromblehomeea@prnewswire.com,Male,115.218.86.101
1616,Susi,Behnen,sbehneneb@lulu.com,Female,179.24.164.211
1617,Tully,Brownfield,tbrownfieldec@unblog.fr,Polygender,111.27.205.32
1618,Skyler,Carbin,scarbined@1und1.de,Male,123.236.171.96
1619,Shep,Smillie,ssmillieee@apache.org,Male,163.233.70.112
1620,Dillie,Tarrier,dtarrieref@deviantart.com,Male,177.224.124.254
1621,Cosette,Caso,ccasoeg@nationalgeographic.com,Female,159.156.12.200
1622,Zacharias,Espadate,zespadateeh@google.fr,Male,239.217.236.112
1623,Toby,Villar,tvillarei@yahoo.co.jp,Male,230.94.253.205
1624,Tiebold,Prahl,tprahlej@hibu.com,Male,30.78.206.7
1625,Aloin,Billison,abillisonek@springer.com,Male,255.246.67.251
1626,Rachele,Gini,rginiel@imageshack.us,Female,97.123.202.168
1627,Lanny,Entwisle,lentwisleem@networksolutions.com,Polygender,251.197.208.202
1628,Morena,Smallpeace,msmallpeaceen@free.fr,Female,243.29.228.186
1629,Prissie,Buggy,pbuggyeo@geocities.jp,Female,37.69.190.77
1630,Holly,Chidgey,hchidgeyep@wikispaces.com,Female,244.61.182.93
1631,Napoleon,Slad,nsladeq@amazonaws.com,Male,3.167.122.231
1632,Hewe,Bassham,hbasshamer@jiathis.com,Male,57.39.64.131
1633,Franklin,Gelder,fgelderes@about.me,Male,50.193.54.77
1634,Sanderson,Wilflinger,swilflingeret@cisco.com,Male,186.7.254.128
1635,Cecilius,Dummer,cdummereu@shareasale.com,Male,233.181.55.26
1636,Alford,Laurentin,alaurentinev@cbsnews.com,Male,83.0.26.115
1637,Virginie,Spruce,vspruceew@who.int,Female,153.132.173.160
1638,Nerty,Beavors,nbeavorsex@miibeian.gov.cn,Female,201.75.6.23
1639,Danit,Dagless,ddaglessey@independent.co.uk,Non-binary,45.245.247.54
1640,Ethel,Oxford,eoxfordez@booking.com,Female,81.192.31.215
1641,Haydon,Weatherby,hweatherbyf0@wufoo.com,Male,217.59.130.24
1642,Sharia,Drain,sdrainf1@npr.org,Female,143.122.78.144
1643,Winona,Sange,wsangef2@networksolutions.com,Female,25.129.222.252
1644,Simmonds,Antonnikov,santonnikovf3@yale.edu,Male,1.8.185.171
1645,Mill,Ebhardt,mebhardtf4@harvard.edu,Genderqueer,5.156.109.86
1646,Zechariah,Eleshenar,zeleshenarf5@businessweek.com,Male,252.82.35.18
1647,Henriette,Pittendreigh,hpittendreighf6@shareasale.com,Female,188.250.55.32
1648,Beck,Ghest,bghestf7@dion.ne.jp,Male,129.186.77.36
1649,Gertrudis,Howse,ghowsef8@gmpg.org,Female,241.53.182.0
1650,Keen,Cranch,kcranchf9@wordpress.org,Male,133.177.219.21
1651,Sukey,Kinane,skinanefa@newyorker.com,Female,240.242.68.72
1652,Gert,Biasotti,gbiasottifb@tmall.com,Non-binary,43.157.182.168
1653,Cristiano,Douse,cdousefc@is.gd,Male,97.246.118.108
1654,Liliane,De Malchar,ldemalcharfd@adobe.com,Female,205.97.241.248
1655,Papagena,Toffolo,ptoffolofe@blinklist.com,Female,192.121.225.95
1656,Florencia,Izzat,fizzatff@nifty.com,Female,205.123.65.137
1657,Edmon,De la Perrelle,edelaperrellefg@apache.org,Male,46.76.239.229
1658,Zea,Barke,zbarkefh@virginia.edu,Female,67.177.2.165
1659,Mollie,Riepel,mriepelfi@fc2.com,Female,51.43.84.240
1660,Shanon,Buchett,sbuchettfj@cnbc.com,Female,17.37.10.182
1661,Dominik,Skeffington,dskeffingtonfk@sogou.com,Male,126.2.107.48
1662,Piper,Ratter,pratterfl@naver.com,Female,131.158.4.197
1663,Arnie,Augustus,aaugustusfm@pinterest.com,Male,169.83.207.191
1664,Mal,Carnew,mcarnewfn@reuters.com,Male,224.154.197.15
1665,Ruddie,Waddy,rwaddyfo@jiathis.com,Male,231.52.39.162
1666,Gearard,Whyffen,gwhyffenfp@pbs.org,Male,189.201.147.125
1667,Minetta,McMillan,mmcmillanfq@tiny.cc,Female,88.244.204.52
1668,Caryl,Loadwick,cloadwickfr@homestead.com,Female,100.128.253.0
1669,Jeannine,Tyrer,jtyrerfs@joomla.org,Female,79.210.176.221
1670,Brigida,Burnsyde,bburnsydeft@yahoo.com,Female,96.131.158.40
1671,Ozzie,Soppeth,osoppethfu@wisc.edu,Male,36.93.102.151
1672,Jorey,Fullwood,jfullwoodfv@gmpg.org,Female,217.25.94.96
1673,Reggy,Kleinschmidt,rkleinschmidtfw@netvibes.com,Male,14.197.163.194
1674,Nadia,Rootes,nrootesfx@zdnet.com,Female,42.9.81.203
1675,Jaynell,Rene,jrenefy@blogspot.com,Genderqueer,184.249.140.238
1676,Uriah,McKeon,umckeonfz@blogger.com,Male,46.83.239.162
1677,Reagen,Klaas,rklaasg0@mozilla.org,Male,3.25.92.116
1678,Berke,Showalter,bshowalterg1@home.pl,Male,0.197.100.104
1679,Selestina,Vispo,svispog2@mediafire.com,Female,77.208.238.17
1680,Kincaid,Mariet,kmarietg3@cdc.gov,Male,244.119.56.152
1681,Penni,Bolsover,pbolsoverg4@psu.edu,Female,146.227.127.231
1682,Aloisia,Savine,asavineg5@themeforest.net,Female,87.70.155.15
1683,Gabi,Spalton,gspaltong6@issuu.com,Male,153.201.26.169
1684,Yvonne,Truran,ytrurang7@cdc.gov,Female,99.92.149.172
1685,Conney,Punch,cpunchg8@oaic.gov.au,Male,85.117.55.196
1686,Godwin,Henniger,ghennigerg9@devhub.com,Male,251.58.174.211
1687,Ewan,Pipkin,epipkinga@google.co.uk,Bigender,156.177.220.53
1688,Thomas,Parkes,tparkesgb@biglobe.ne.jp,Male,129.107.120.186
1689,Gay,Macconachy,gmacconachygc@wikia.com,Non-binary,212.45.65.142
1690,Mead,Wall,mwallgd@timesonline.co.uk,Female,44.70.142.217
1691,Kara-lynn,Lathe,klathege@microsoft.com,Female,21.152.219.239
1692,Cindra,Dable,cdablegf@sourceforge.net,Female,216.36.73.13
1693,Magdalen,Rowat,mrowatgg@ameblo.jp,Genderqueer,159.12.70.72
1694,Laraine,Yarn,lyarngh@weather.com,Female,250.108.149.127
1695,Mateo,Cockaday,mcockadaygi@sohu.com,Male,16.15.200.131
1696,Umberto,Cunio,ucuniogj@netscape.com,Male,202.52.5.7
1697,Erv,Crumly,ecrumlygk@google.co.uk,Male,146.74.228.91
1698,Noni,Chatwin,nchatwingl@i2i.jp,Female,9.227.22.153
1699,Jess,MacCall,jmaccallgm@mysql.com,Male,211.174.92.234
1700,Lem,Oxtaby,loxtabygn@123-reg.co.uk,Male,160.8.210.255
1701,Arnaldo,Iveson,aivesongo@fotki.com,Male,56.72.19.187
1702,Reider,Downie,rdowniegp@scientificamerican.com,Male,175.96.253.159
1703,Audrie,Lamanby,alamanbygq@networkadvertising.org,Female,188.97.53.232
1704,Dew,Giuron,dgiurongr@sakura.ne.jp,Agender,55.14.128.205
1705,Gwenneth,Larmuth,glarmuthgs@example.com,Female,154.108.235.188
1706,Danette,Plom,dplomgt@icio.us,Female,145.185.127.214
1707,Sonnie,Ghelerdini,sghelerdinigu@telegraph.co.uk,Female,111.203.129.28
1708,Vannie,Manthorpe,vmanthorpegv@freewebs.com,Female,187.244.12.76
1709,Walsh,Condon,wcondongw@cmu.edu,Male,167.208.194.103
1710,Corby,Liversidge,cliversidgegx@plala.or.jp,Male,22.47.225.20
1711,Zsa zsa,Novak,znovakgy@cisco.com,Female,181.221.174.216
1712,Nert,Mathewson,nmathewsongz@abc.net.au,Female,176.37.75.93
1713,Cristionna,Sickling,csicklingh0@vkontakte.ru,Female,30.216.72.92
1714,Paddie,Levicount,plevicounth1@cdc.gov,Male,10.55.122.240
1715,Godiva,Cridlin,gcridlinh2@pen.io,Female,1.85.237.9
1716,Onida,Durant,oduranth3@timesonline.co.uk,Female,48.91.80.61
1717,Felisha,Askam,faskamh4@scribd.com,Female,17.20.156.93
1718,Rolando,Swaby,rswabyh5@yellowpages.com,Male,205.53.167.22
1719,Cherye,Nehl,cnehlh6@ameblo.jp,Female,57.41.219.138
1720,Wileen,Dodge,wdodgeh7@google.co.jp,Female,118.16.49.225
1721,Elisabet,Shyres,eshyresh8@google.es,Female,161.164.235.233
1722,Karl,Bullingham,kbullinghamh9@sun.com,Male,68.67.17.252
1723,Arnaldo,Branton,abrantonha@joomla.org,Male,207.246.103.70
1724,Hillier,Siviour,hsiviourhb@cocolog-nifty.com,Male,2.225.41.78
1725,Dyan,Hamm,dhammhc@tiny.cc,Female,47.167.99.140
1726,Melita,Jakeway,mjakewayhd@dion.ne.jp,Female,149.74.92.249
1727,Nestor,Barrowclough,nbarrowcloughhe@shop-pro.jp,Male,49.8.213.150
1728,Zulema,Caulwell,zcaulwellhf@springer.com,Female,194.54.25.197
1729,Chicky,Wooffitt,cwooffitthg@issuu.com,Male,167.132.18.225
1730,Dud,Niaves,dniaveshh@sina.com.cn,Male,76.190.115.29
1731,Cherilyn,Gatty,cgattyhi@parallels.com,Polygender,115.173.64.94
1732,Aridatha,Bridgstock,abridgstockhj@shareasale.com,Female,169.79.86.88
1733,Cob,Lockyear,clockyearhk@wsj.com,Non-binary,114.139.241.208
1734,Griswold,Worton,gwortonhl@blog.com,Male,41.240.35.136
1735,Thalia,Sapsed,tsapsedhm@hexun.com,Female,172.171.31.79
1736,Marsha,Kloss,mklosshn@jalbum.net,Genderfluid,133.199.42.206
1737,Milton,Guest,mguestho@gizmodo.com,Male,94.93.42.254
1738,Carlen,Bernardy,cbernardyhp@bbc.co.uk,Female,55.163.2.100
1739,Isador,Benninck,ibenninckhq@skype.com,Male,202.192.22.221
1740,Davina,O'Mullaney,domullaneyhr@netvibes.com,Female,34.160.57.190
1741,Lyndsay,Ayliff,layliffhs@google.ru,Female,126.49.221.239
1742,Rudolph,Squelch,rsquelchht@tinyurl.com,Male,182.66.213.26
1743,Major,Snarie,msnariehu@sitemeter.com,Male,214.84.127.246
1744,Nilson,Bispham,nbisphamhv@fc2.com,Male,171.87.249.219
1745,Layney,Bulbeck,lbulbeckhw@wunderground.com,Genderfluid,56.161.204.26
1746,Udell,Spadeck,uspadeckhx@npr.org,Male,40.66.167.121
1747,Alonso,Edmeads,aedmeadshy@disqus.com,Male,148.78.80.46
1748,Lisetta,Trivett,ltrivetthz@hp.com,Female,154.17.76.9
1749,Ole,Batterbee,obatterbeei0@google.de,Male,46.87.35.217
1750,Margie,Scamadin,mscamadini1@who.int,Female,78.134.0.138
1751,Karisa,MacFadzan,kmacfadzani2@blogger.com,Female,96.41.112.203
1752,Lazaro,Jennick,ljennicki3@cbslocal.com,Male,93.126.111.131
1753,Almeta,Manzell,amanzelli4@wordpress.com,Female,54.1.209.71
1754,Kellyann,Codlin,kcodlini5@edublogs.org,Female,223.73.173.68
1755,Leroi,Pala,lpalai6@flickr.com,Male,199.208.89.216
1756,Thomasina,Fishly,tfishlyi7@marketwatch.com,Female,237.26.255.245
1757,Giusto,Bazely,gbazelyi8@liveinternet.ru,Male,27.9.29.31
1758,Richy,Di Biagio,rdibiagioi9@addtoany.com,Male,162.41.95.75
1759,Doralin,Hawksley,dhawksleyia@tinyurl.com,Female,126.32.103.196
1760,Clerissa,Iorizzo,ciorizzoib@bigcartel.com,Female,123.187.2.83
1761,Allene,Bridgewater,abridgewateric@moonfruit.com,Female,192.44.209.163
1762,Ebenezer,Tumulty,etumultyid@bbb.org,Male,52.169.130.79
1763,Cullin,Isson,cissonie@geocities.jp,Male,120.169.105.121
1764,Calvin,Vedeshkin,cvedeshkinif@yahoo.com,Male,156.166.53.207
1765,Corina,Stockney,cstockneyig@amazonaws.com,Female,140.74.229.128
1766,Thain,Dobrowolski,tdobrowolskiih@php.net,Non-binary,174.216.72.113
1767,Bernice,Agirre,bagirreii@creativecommons.org,Female,79.63.84.170
1768,Jeth,Puzey,jpuzeyij@phpbb.com,Male,80.19.247.97
1769,Fae,Pinnocke,fpinnockeik@spotify.com,Female,49.18.78.29
1770,Wyatt,Wogden,wwogdenil@symantec.com,Male,191.98.126.61
1771,Lyon,Madle,lmadleim@japanpost.jp,Male,164.27.200.249
1772,Nan,Parades,nparadesin@harvard.edu,Female,93.30.110.38
1773,Dacia,Savins,dsavinsio@cyberchimps.com,Female,220.106.139.217
1774,Kellyann,Gogerty,kgogertyip@netlog.com,Female,119.110.110.16
1775,Kathy,Salvin,ksalviniq@last.fm,Female,29.239.216.222
1776,Carmencita,Santorini,csantoriniir@jalbum.net,Female,99.132.140.45
1777,Angeline,Lampkin,alampkinis@sogou.com,Female,113.234.157.57
1778,Natalie,Edbrooke,nedbrookeit@youtu.be,Female,202.210.146.245
1779,Caye,Beardsell,cbeardselliu@google.es,Female,27.177.87.29
1780,Eldon,Quimby,equimbyiv@alexa.com,Male,243.153.111.197
1781,Cullie,Karpol,ckarpoliw@etsy.com,Male,135.60.36.221
1782,Coretta,Atcheson,catchesonix@ca.gov,Female,125.109.80.81
1783,Quincey,Asipenko,qasipenkoiy@nytimes.com,Male,83.237.60.160
1784,Hall,Brickham,hbrickhamiz@twitter.com,Male,166.17.65.122
1785,Tomasine,Clymer,tclymerj0@storify.com,Female,73.126.16.119
1786,Fraze,Henniger,fhennigerj1@discuz.net,Male,188.93.128.251
1787,Feliza,Durham,fdurhamj2@ask.com,Female,132.242.206.92
1788,Lavina,Frisch,lfrischj3@imgur.com,Female,231.161.171.247
1789,Toby,Leftly,tleftlyj4@dmoz.org,Female,127.207.143.29
1790,Angeli,Bergeon,abergeonj5@hostgator.com,Male,232.250.155.20
1791,Jacquelyn,Gibard,jgibardj6@constantcontact.com,Female,80.180.16.65
1792,Caria,Oxenbury,coxenburyj7@blinklist.com,Female,164.7.233.9
1793,Auria,Pepis,apepisj8@usnews.com,Female,178.13.186.64
1794,Shea,Gyver,sgyverj9@skyrock.com,Male,69.64.173.129
1795,Josh,Upshall,jupshallja@people.com.cn,Male,93.240.219.190
1796,Aloysia,Shuter,ashuterjb@imgur.com,Female,100.251.89.178
1797,Brigida,Faudrie,bfaudriejc@imgur.com,Female,206.51.104.125
1798,Denyse,Liepins,dliepinsjd@arstechnica.com,Female,191.174.35.154
1799,Hunter,McKew,hmckewje@dedecms.com,Male,210.159.12.33
1800,Brigitte,Noye,bnoyejf@webmd.com,Female,178.67.23.129
1801,Matthias,Gomes,mgomesjg@ucoz.com,Male,48.125.237.224
1802,Rod,Halfacre,rhalfacrejh@eepurl.com,Male,132.138.176.31
1803,Perri,Delouch,pdelouchji@elpais.com,Female,53.196.56.122
1804,Ricki,Pringle,rpringlejj@discuz.net,Male,144.244.97.16
1805,Mohandis,Rotchell,mrotchelljk@squarespace.com,Male,188.35.136.74
1806,Stevena,Korejs,skorejsjl@mlb.com,Female,84.92.204.180
1807,Leonore,Scintsbury,lscintsburyjm@dot.gov,Female,108.28.124.31
1808,Thaxter,Mollett,tmollettjn@eepurl.com,Male,14.250.216.190
1809,Kaspar,Rideout,krideoutjo@nymag.com,Male,99.254.227.85
1810,Lea,Facchini,lfacchinijp@fotki.com,Female,251.24.129.124
1811,Cello,Errington,cerringtonjq@tumblr.com,Male,151.212.63.253
1812,Jewell,Esom,jesomjr@mysql.com,Female,119.169.130.120
1813,Gallard,Pauly,gpaulyjs@symantec.com,Male,27.2.215.131
1814,Demetrius,Week,dweekjt@wordpress.com,Male,14.248.89.19
1815,Ninnetta,Bolland,nbollandju@ucoz.ru,Female,111.223.75.141
1816,Kingsley,Bonifazio,kbonifaziojv@nba.com,Male,106.216.149.117
1817,Brandy,Jarrard,bjarrardjw@yandex.ru,Female,127.99.8.224
1818,Johny,Garstan,jgarstanjx@nature.com,Male,153.227.132.146
1819,Henrik,Skally,hskallyjy@slate.com,Male,156.167.7.42
1820,Dreddy,Kollach,dkollachjz@dailymail.co.uk,Female,194.154.95.117
1821,Korey,Perri,kperrik0@lulu.com,Male,98.163.114.105
1822,Flynn,Blaze,fblazek1@discovery.com,Male,31.53.134.194
1823,Sarge,Crinion,scrinionk2@people.com.cn,Bigender,184.4.143.146
1824,Erek,Fearns,efearnsk3@theatlantic.com,Bigender,68.124.172.170
1825,Curry,Glancy,cglancyk4@seesaa.net,Male,141.71.18.210
1826,Gnni,McNish,gmcnishk5@netvibes.com,Female,61.216.219.106
1827,Deidre,Sivills,dsivillsk6@sakura.ne.jp,Female,199.242.57.116
1828,Zeb,Affron,zaffronk7@home.pl,Male,35.116.210.160
1829,Kalindi,Carss,kcarssk8@tiny.cc,Female,43.55.224.214
1830,Worth,Craghead,wcragheadk9@t.co,Male,159.192.241.193
1831,Martyn,Thornton-Dewhirst,mthorntondewhirstka@intel.com,Male,250.187.24.255
1832,Troy,Wolland,twollandkb@nyu.edu,Male,153.98.194.5
1833,Weber,Bakster,wbaksterkc@nydailynews.com,Male,180.131.135.245
1834,Tybie,Dovidian,tdovidiankd@woothemes.com,Female,219.242.206.7
1835,Rafaelia,Glenton,rglentonke@istockphoto.com,Female,246.222.55.142
1836,Minny,Heaviside,mheavisidekf@mozilla.com,Female,116.253.68.253
1837,Berkley,Waples,bwapleskg@boston.com,Male,7.240.2.4
1838,Leif,Von Welden,lvonweldenkh@sourceforge.net,Male,178.205.98.140
1839,Rollie,Chansonne,rchansonneki@de.vu,Male,67.26.22.174
1840,Staford,Scotford,sscotfordkj@seesaa.net,Male,189.178.207.139
1841,Siegfried,Arghent,sarghentkk@cloudflare.com,Agender,24.176.128.52
1842,Nesta,Halm,nhalmkl@earthlink.net,Female,247.11.19.27
1843,Laureen,Pittem,lpittemkm@etsy.com,Female,224.144.210.197
1844,Sibby,Elms,selmskn@jigsy.com,Female,97.15.187.83
1845,Stephani,Derks,sderksko@dailymail.co.uk,Female,185.39.162.192
1846,Helenka,Burras,hburraskp@jimdo.com,Female,5.93.104.201
1847,Ansell,Macauley,amacauleykq@163.com,Male,120.139.7.74
1848,Tabitha,Matthensen,tmatthensenkr@live.com,Female,253.172.181.132
1849,Russell,Jablonski,rjablonskiks@posterous.com,Male,240.138.213.154
1850,Reade,Schutter,rschutterkt@furl.net,Polygender,111.82.43.10
1851,Lauretta,Flannery,lflanneryku@senate.gov,Female,94.99.61.37
1852,Sheba,Condit,sconditkv@twitpic.com,Female,51.8.4.193
1853,Carlie,Stubbin,cstubbinkw@myspace.com,Male,165.69.69.120
1854,Cordi,Mattusevich,cmattusevichkx@ucoz.com,Female,120.224.6.117
1855,Germain,Foggo,gfoggoky@microsoft.com,Female,232.76.162.135
1856,Winthrop,Lartice,wlarticekz@etsy.com,Male,145.232.219.160
1857,Antonella,Oxton,aoxtonl0@amazon.co.jp,Female,148.179.149.160
1858,Ricoriki,Nobbs,rnobbsl1@unesco.org,Male,213.26.72.138
1859,Annmaria,Kiehl,akiehll2@php.net,Female,113.140.41.212
1860,Blondie,Austick,baustickl3@geocities.jp,Non-binary,139.175.138.137
1861,Cristie,Wild,cwildl4@xrea.com,Genderfluid,194.221.114.129
1862,Willyt,Elston,welstonl5@buzzfeed.com,Female,229.196.120.89
1863,Huntlee,Solly,hsollyl6@people.com.cn,Male,31.203.9.78
1864,Caitrin,Alliberton,callibertonl7@narod.ru,Female,24.104.166.27
1865,Estrellita,Janning,ejanningl8@ihg.com,Female,233.83.125.111
1866,Cort,Loadman,cloadmanl9@about.com,Male,165.118.219.65
1867,Nealson,Bernocchi,nbernocchila@about.me,Non-binary,171.36.133.221
1868,Jana,Brahmer,jbrahmerlb@msn.com,Female,172.120.173.27
1869,Nicol,Hymas,nhymaslc@prlog.org,Bigender,42.208.243.241
1870,Darius,Scimonelli,dscimonellild@theguardian.com,Male,132.207.253.139
1871,Denys,Van Rembrandt,dvanrembrandtle@vimeo.com,Male,133.42.86.135
1872,Codie,Petriello,cpetriellolf@dmoz.org,Male,53.121.66.147
1873,Kalvin,Kynastone,kkynastonelg@about.com,Male,226.90.29.232
1874,Kain,Juschke,kjuschkelh@unicef.org,Male,101.61.244.84
1875,Dimitry,Pottell,dpottellli@biglobe.ne.jp,Male,10.187.67.167
1876,Alexa,Blackader,ablackaderlj@nps.gov,Female,64.82.155.200
1877,Burton,Dollen,bdollenlk@nbcnews.com,Male,229.253.25.24
1878,Jaquith,Waldron,jwaldronll@list-manage.com,Female,65.141.175.87
1879,Heddie,Keeley,hkeeleylm@clickbank.net,Female,54.117.220.134
1880,Frannie,McGinnell,fmcginnellln@hhs.gov,Female,215.122.240.95
1881,Peggie,Cullingford,pcullingfordlo@rakuten.co.jp,Female,36.144.158.112
1882,Boycie,Soppeth,bsoppethlp@ftc.gov,Male,66.127.233.84
1883,Bing,Juanes,bjuaneslq@ebay.co.uk,Agender,101.35.144.97
1884,Theresina,Hamil,thamillr@g.co,Female,44.62.102.196
1885,Wilow,Fenge,wfengels@apple.com,Female,142.96.0.141
1886,Jillian,Lambswood,jlambswoodlt@disqus.com,Female,119.128.238.53
1887,Dwayne,Craigmile,dcraigmilelu@hao123.com,Male,75.146.251.8
1888,Vic,Kock,vkocklv@sitemeter.com,Male,30.243.250.148
1889,Hertha,Bernardotte,hbernardottelw@opensource.org,Female,174.9.85.187
1890,Dedra,Ody,dodylx@domainmarket.com,Polygender,9.17.158.23
1891,Reyna,Bruce,rbrucely@naver.com,Female,101.16.40.145
1892,Susann,Daft,sdaftlz@aol.com,Non-binary,67.197.119.1
1893,Elliot,Eayres,eeayresm0@ezinearticles.com,Polygender,20.106.56.154
1894,Irena,Whelband,iwhelbandm1@ovh.net,Female,216.220.209.59
1895,Marin,Batcock,mbatcockm2@bloglines.com,Female,17.33.194.159
1896,Lynnette,Rainville,lrainvillem3@nydailynews.com,Female,73.7.78.245
1897,Antonietta,Gorden,agordenm4@usgs.gov,Female,154.225.181.160
1898,Gallard,Haime,ghaimem5@t-online.de,Male,55.167.9.53
1899,Gaelan,Brooks,gbrooksm6@mail.ru,Male,181.96.205.190
1900,Renault,Geistmann,rgeistmannm7@hp.com,Male,12.185.108.164
1901,Brietta,Marguerite,bmargueritem8@boston.com,Female,71.49.14.251
1902,Roman,Joynes,rjoynesm9@msu.edu,Male,16.238.181.176
1903,Ainslee,Harken,aharkenma@usda.gov,Female,195.106.235.55
1904,Izzy,Chappelow,ichappelowmb@diigo.com,Male,77.20.241.18
1905,Rosamund,Jonas,rjonasmc@arizona.edu,Female,232.237.229.31
1906,Merrick,Danbrook,mdanbrookmd@sciencedirect.com,Male,198.27.54.158
1907,Welbie,Lathan,wlathanme@bloglines.com,Male,28.197.65.71
1908,Lolly,Strelitzer,lstrelitzermf@businessweek.com,Female,94.44.45.232
1909,Matilda,Jeaffreson,mjeaffresonmg@istockphoto.com,Female,134.156.111.252
1910,Pierson,Schleicher,pschleichermh@sogou.com,Genderfluid,238.38.250.28
1911,Culley,Ricarde,cricardemi@webs.com,Male,230.129.9.120
1912,Ambrosius,Geaves,ageavesmj@ucla.edu,Male,5.228.233.137
1913,Kristy,Skerrett,kskerrettmk@usatoday.com,Female,200.87.141.214
1914,Sheelah,MacNulty,smacnultyml@narod.ru,Female,77.241.181.79
1915,Pepe,Rikel,prikelmm@163.com,Male,158.83.86.236
1916,Jeffy,Ambler,jamblermn@alibaba.com,Male,11.183.97.250
1917,Eb,Kellert,ekellertmo@topsy.com,Male,189.112.220.39
1918,Idelle,Beldom,ibeldommp@nifty.com,Female,218.96.26.148
1919,Annadiane,Brehat,abrehatmq@amazon.co.jp,Female,217.221.224.40
1920,Celene,Cliffe,ccliffemr@columbia.edu,Female,200.38.177.13
1921,Arthur,Marioneau,amarioneaums@globo.com,Male,249.95.199.1
1922,Jocko,Harmston,jharmstonmt@whitehouse.gov,Male,59.31.79.203
1923,Hunfredo,Doblin,hdoblinmu@google.co.uk,Male,200.217.3.38
1924,Yoshi,Palek,ypalekmv@istockphoto.com,Female,234.19.152.69
1925,Ruggiero,Jiricka,rjirickamw@pagesperso-orange.fr,Male,126.100.106.61
1926,Muffin,Matis,mmatismx@nationalgeographic.com,Male,104.8.244.13
1927,Jillene,Demke,jdemkemy@issuu.com,Female,154.28.138.152
1928,Olvan,Lamkin,olamkinmz@go.com,Male,150.65.176.33
1929,Zea,Briiginshaw,zbriiginshawn0@army.mil,Female,186.61.253.215
1930,Ivar,Spaven,ispavenn1@skype.com,Male,136.55.38.77
1931,Ade,Tilley,atilleyn2@stumbleupon.com,Polygender,101.214.157.189
1932,Kellie,MacGibbon,kmacgibbonn3@pbs.org,Female,94.172.15.221
1933,Hedvig,Vermer,hvermern4@nymag.com,Female,192.253.110.77
1934,Levon,Burlingham,lburlinghamn5@photobucket.com,Bigender,242.241.252.210
1935,Jim,Thor,jthorn6@apple.com,Male,37.30.75.63
1936,Caitrin,Steinor,csteinorn7@nature.com,Female,143.187.240.142
1937,Todd,Dillamore,tdillamoren8@e-recht24.de,Non-binary,185.113.103.173
1938,Alair,Faulkner,afaulknern9@tripadvisor.com,Male,60.121.157.35
1939,Sonnnie,Blackwell,sblackwellna@hao123.com,Female,234.217.239.201
1940,Lyn,Braidford,lbraidfordnb@geocities.com,Male,213.114.22.115
1941,Moe,Foskett,mfoskettnc@amazon.com,Male,15.210.170.201
1942,Vin,Millberg,vmillbergnd@technorati.com,Female,69.102.46.117
1943,Torry,Utting,tuttingne@cnbc.com,Male,24.253.42.97
1944,Yuri,McKillop,ymckillopnf@state.gov,Male,181.190.1.129
1945,Vinnie,Cleiment,vcleimentng@t-online.de,Male,48.195.145.181
1946,Claiborne,O'Carran,cocarrannh@hc360.com,Male,231.65.91.200
1947,Devora,Signoret,dsignoretni@google.cn,Female,49.123.14.231
1948,Garey,Birkenhead,gbirkenheadnj@ed.gov,Male,72.48.219.41
1949,Mordy,Kiddell,mkiddellnk@europa.eu,Male,11.138.195.203
1950,Alfy,Schrinel,aschrinelnl@cpanel.net,Male,145.150.63.137
1951,Graehme,McCaughren,gmccaughrennm@etsy.com,Male,206.200.102.125
1952,Rex,Bromage,rbromagenn@huffingtonpost.com,Male,219.26.228.16
1953,Frederik,Salman,fsalmanno@house.gov,Male,137.5.124.88
1954,Licha,Franzen,lfranzennp@blog.com,Female,121.88.175.91
1955,Sol,Daborne,sdabornenq@purevolume.com,Male,81.47.32.170
1956,Berti,Schild,bschildnr@exblog.jp,Male,172.169.171.30
1957,Zachariah,Mahmood,zmahmoodns@soundcloud.com,Male,79.38.254.213
1958,Janifer,Djurisic,jdjurisicnt@slate.com,Female,53.214.176.88
1959,Temple,Trewin,ttrewinnu@youtu.be,Male,211.171.248.63
1960,Caryl,Haxell,chaxellnv@dot.gov,Male,131.236.182.46
1961,Aeriela,Jewster,ajewsternw@yahoo.co.jp,Female,195.228.96.42
1962,Beauregard,Guerrier,bguerriernx@disqus.com,Male,182.77.38.178
1963,Lexi,Muris,lmurisny@ted.com,Female,51.2.137.96
1964,Shayne,Burkill,sburkillnz@woothemes.com,Male,58.142.59.43
1965,Viv,Ormiston,vormistono0@auda.org.au,Female,248.199.234.251
1966,Roland,Yurkevich,ryurkevicho1@google.co.jp,Male,112.147.211.233
1967,Blaire,Gillbard,bgillbardo2@wsj.com,Bigender,39.26.249.134
1968,Eydie,Dodgson,edodgsono3@cnet.com,Female,247.142.255.9
1969,Bee,Yarker,byarkero4@ca.gov,Female,110.203.133.254
1970,Grantham,Forty,gfortyo5@imdb.com,Male,15.202.217.15
1971,Jeffry,Sauven,jsauveno6@auda.org.au,Male,101.159.178.164
1972,Briant,Budding,bbuddingo7@newsvine.com,Male,68.5.21.239
1973,Sinclare,Wigmore,swigmoreo8@time.com,Male,0.255.221.194
1974,Nicolina,Trase,ntraseo9@webs.com,Female,95.153.69.93
1975,Damara,Cargon,dcargonoa@mlb.com,Polygender,248.30.132.230
1976,Leigha,Spittal,lspittalob@stumbleupon.com,Female,126.33.78.16
1977,Ferdinande,Guillot,fguillotoc@odnoklassniki.ru,Female,182.162.70.157
1978,Hillary,Ghiriardelli,hghiriardelliod@army.mil,Polygender,181.249.98.188
1979,Felicle,Karpenko,fkarpenkooe@epa.gov,Female,69.156.7.9
1980,Liliane,Fancy,lfancyof@nyu.edu,Genderqueer,153.58.54.194
1981,Alis,Polleye,apolleyeog@reddit.com,Female,88.255.73.79
1982,Dyan,Sjollema,dsjollemaoh@nymag.com,Female,172.165.48.161
1983,Mandel,MacCheyne,mmaccheyneoi@google.com.au,Male,18.26.183.37
1984,Denney,Sprules,dsprulesoj@state.gov,Male,168.195.93.239
1985,Janos,Fayter,jfayterok@histats.com,Male,53.19.162.67
1986,Quent,McGillivray,qmcgillivrayol@unc.edu,Male,218.3.51.89
1987,Yehudi,Yancey,yyanceyom@ftc.gov,Non-binary,203.165.9.210
1988,Patrice,Yitzhok,pyitzhokon@devhub.com,Male,32.80.171.250
1989,Bili,Robker,brobkeroo@rediff.com,Female,214.69.189.5
1990,Mason,Deshon,mdeshonop@ibm.com,Male,21.113.209.222
1991,Kaylyn,Urrey,kurreyoq@gravatar.com,Female,74.199.191.151
1992,Darren,todor,dtodoror@php.net,Male,235.156.32.109
1993,Parnell,Booton,pbootonos@mit.edu,Male,192.26.241.54
1994,Cass,Dumingos,cdumingosot@usa.gov,Male,164.143.192.102
1995,Augusto,Emmins,aemminsou@naver.com,Male,159.129.158.169
1996,Neil,Bonhome,nbonhomeov@4shared.com,Male,171.63.201.133
1997,Aurel,Du Barry,adubarryow@about.com,Polygender,240.183.16.128
1998,Retha,Bendley,rbendleyox@cmu.edu,Female,96.252.32.86
1999,Kasey,Brozek,kbrozekoy@hubpages.com,Female,133.143.152.37
2000,Mannie,Dey,mdeyoz@soundcloud.com,Male,187.176.101.187
2001,Josi,Moyce,jmoycep0@epa.gov,Female,93.175.138.118
2002,Ernesto,Makinson,emakinsonp1@samsung.com,Male,24.6.250.58
2003,Ringo,Tamsett,rtamsettp2@geocities.jp,Male,195.244.11.27
2004,Bridgette,Hendrix,bhendrixp3@issuu.com,Female,206.110.115.11
2005,Jana,Wharfe,jwharfep4@businessinsider.com,Female,18.200.200.217
2006,Patrizia,Brasener,pbrasenerp5@shareasale.com,Female,24.132.254.114
2007,Sigvard,Calf,scalfp6@slate.com,Genderqueer,139.4.117.97
2008,Ami,Wheelwright,awheelwrightp7@cmu.edu,Female,16.171.38.129
2009,Salmon,O'Lennachain,solennachainp8@whitehouse.gov,Male,132.38.251.9
2010,Britney,McGonigle,bmcgoniglep9@chron.com,Female,158.16.97.202
2011,Roderick,Bassford,rbassfordpa@yale.edu,Male,133.155.147.47
2012,Nara,O'Fallone,nofallonepb@indiegogo.com,Female,6.132.50.206
2013,Emlyn,Ferminger,efermingerpc@yale.edu,Female,84.149.49.213
2014,Sandie,Swin,sswinpd@163.com,Female,90.241.34.56
2015,Evie,Ivery,eiverype@theglobeandmail.com,Female,105.72.215.33
2016,Fernando,Feldstein,ffeldsteinpf@cdbaby.com,Male,236.226.6.177
2017,Hubie,Dominicacci,hdominicaccipg@etsy.com,Male,112.64.245.166
2018,Des,Kear,dkearph@msn.com,Male,149.177.158.56
2019,Amery,Mearing,amearingpi@blinklist.com,Male,16.38.50.4
2020,Pete,Plesing,pplesingpj@t.co,Male,177.217.207.41
2021,Vida,Cheese,vcheesepk@theglobeandmail.com,Female,107.21.35.73
2022,Theda,Gillfillan,tgillfillanpl@about.com,Female,38.100.129.232
2023,Bayard,Winspire,bwinspirepm@theglobeandmail.com,Male,205.253.249.72
2024,Arthur,O'Shevlan,aoshevlanpn@reddit.com,Male,113.14.144.142
2025,Isaac,O'Sharkey,iosharkeypo@washington.edu,Male,31.226.69.43
2026,Freeland,Fricker,ffrickerpp@angelfire.com,Male,37.133.21.209
2027,Wendie,Savile,wsavilepq@e-recht24.de,Female,48.179.47.17
2028,Kirstyn,Brixey,kbrixeypr@shutterfly.com,Female,135.113.154.109
2029,Tiebold,Kinnier,tkinnierps@uol.com.br,Male,40.128.134.212
2030,Johanna,Lancastle,jlancastlept@earthlink.net,Female,69.149.195.4
2031,Teri,Reddoch,treddochpu@i2i.jp,Female,31.194.45.69
2032,Becky,Stockton,bstocktonpv@salon.com,Genderfluid,159.249.189.164
2033,Gideon,Sibthorp,gsibthorppw@icq.com,Male,202.127.144.158
2034,Joaquin,Copland,jcoplandpx@xinhuanet.com,Male,1.0.38.90
2035,Miof mela,Waltho,mwalthopy@guardian.co.uk,Female,225.17.5.1
2036,Benjamen,Chappell,bchappellpz@ted.com,Male,182.230.225.16
2037,Delano,Thurner,dthurnerq0@dion.ne.jp,Male,182.201.130.195
2038,Mickey,Ebi,mebiq1@flickr.com,Male,71.226.77.207
2039,Corrie,Strognell,cstrognellq2@netlog.com,Male,173.227.169.220
2040,Keane,Frandsen,kfrandsenq3@ameblo.jp,Male,160.165.170.4
2041,Conney,Biddy,cbiddyq4@so-net.ne.jp,Male,80.122.143.102
2042,Bryna,Ridolfi,bridolfiq5@bloomberg.com,Female,60.44.95.250
2043,Brigham,Barrabeale,bbarrabealeq6@springer.com,Male,4.157.219.168
2044,Sheelah,Hallsworth,shallsworthq7@state.tx.us,Bigender,135.61.28.139
2045,Joana,Heighway,jheighwayq8@omniture.com,Female,27.80.221.127
2046,Tobin,Bradberry,tbradberryq9@timesonline.co.uk,Male,213.220.178.222
2047,Katerine,Temprell,ktemprellqa@ovh.net,Female,153.50.35.51
2048,Jarad,Have,jhaveqb@dyndns.org,Male,92.84.13.197
2049,Reamonn,Franz-Schoninger,rfranzschoningerqc@usda.gov,Male,218.10.171.134
2050,Margy,Oldershaw,moldershawqd@tmall.com,Female,188.29.214.183
2051,Forster,Oxx,foxxqe@ow.ly,Male,116.1.39.217
2052,Pyotr,Di Nisco,pdiniscoqf@mapquest.com,Male,12.116.194.209
2053,Tiffy,Penswick,tpenswickqg@jugem.jp,Female,209.225.253.182
2054,Charlotte,Ainslie,cainslieqh@desdev.cn,Female,10.27.220.145
2055,Rorke,Lathleiffure,rlathleiffureqi@desdev.cn,Male,46.60.238.159
2056,Mallory,Ingarfill,mingarfillqj@biblegateway.com,Agender,73.198.3.12
2057,Aaron,Loverock,aloverockqk@hostgator.com,Polygender,140.225.63.172
2058,Bond,Sweeny,bsweenyql@hubpages.com,Male,37.17.148.191
2059,West,Banbridge,wbanbridgeqm@blog.com,Male,213.235.234.77
2060,Amber,Jarrold,ajarroldqn@list-manage.com,Female,162.118.116.29
2061,Vanessa,Bumphrey,vbumphreyqo@multiply.com,Female,148.20.140.35
2062,Jenine,Caldwall,jcaldwallqp@sitemeter.com,Female,160.132.162.36
2063,Vladimir,Elam,velamqq@nytimes.com,Male,19.176.140.37
2064,Janek,Verillo,jverilloqr@whitehouse.gov,Male,226.214.254.114
2065,Brigid,Kosel,bkoselqs@icq.com,Female,64.42.213.189
2066,Gottfried,Eilhermann,geilhermannqt@nasa.gov,Male,69.225.196.218
2067,Beltran,Tomowicz,btomowiczqu@usa.gov,Genderqueer,105.28.152.122
2068,Joye,Garrould,jgarrouldqv@princeton.edu,Female,212.171.157.134
2069,Abbot,Bax,abaxqw@dailymail.co.uk,Male,149.228.93.145
2070,Ronald,Rean,rreanqx@imageshack.us,Male,102.96.1.209
2071,Osborne,Lampart,olampartqy@unblog.fr,Genderqueer,178.187.1.63
2072,Callean,Joule,cjouleqz@sciencedaily.com,Male,243.143.19.249
2073,Janella,Quarlis,jquarlisr0@livejournal.com,Female,200.124.215.73
2074,Nollie,Euels,neuelsr1@ustream.tv,Male,21.183.244.206
2075,Addie,Perel,aperelr2@google.co.uk,Male,226.136.32.42
2076,Madelena,Sindell,msindellr3@jigsy.com,Female,26.120.165.254
2077,Deni,Twort,dtwortr4@flavors.me,Female,167.253.86.199
2078,Roscoe,O'Finan,rofinanr5@unblog.fr,Male,106.243.212.95
2079,Red,Swayne,rswayner6@java.com,Male,37.3.205.90
2080,Leora,Orbine,lorbiner7@amazon.de,Female,245.104.134.18
2081,Bartholemy,Sweedy,bsweedyr8@edublogs.org,Male,205.25.185.123
2082,Roger,Lannon,rlannonr9@cnbc.com,Male,203.180.7.188
2083,Gilligan,Schoular,gschoularra@bloglovin.com,Agender,33.224.198.155
2084,Max,Raitt,mraittrb@narod.ru,Female,178.53.96.37
2085,Jonathon,Eberle,jeberlerc@netvibes.com,Male,113.123.62.69
2086,Adamo,Blomefield,ablomefieldrd@engadget.com,Male,212.247.246.47
2087,Viola,Inchbald,vinchbaldre@adobe.com,Female,166.142.192.114
2088,Chadd,Dulin,cdulinrf@tmall.com,Genderqueer,206.83.86.35
2089,Judith,Simenet,jsimenetrg@addthis.com,Female,197.48.219.55
2090,Ado,Garfirth,agarfirthrh@e-recht24.de,Male,44.199.121.101
2091,Orran,Halpeine,ohalpeineri@deliciousdays.com,Male,250.58.183.191
2092,Jessee,Cummins,jcumminsrj@utexas.edu,Male,63.243.31.183
2093,Margaretha,Farrell,mfarrellrk@opera.com,Female,134.70.164.232
2094,Jolene,Wanstall,jwanstallrl@marriott.com,Female,124.237.138.220
2095,Krishnah,Rubinowitz,krubinowitzrm@pinterest.com,Male,118.249.140.100
2096,Katerina,Henzley,khenzleyrn@cmu.edu,Female,133.3.70.2
2097,Travers,Whitney,twhitneyro@bbc.co.uk,Male,47.202.84.233
2098,Emilie,Caird,ecairdrp@auda.org.au,Female,119.221.231.250
2099,Vicki,Pavis,vpavisrq@senate.gov,Female,98.67.242.49
2100,Fannie,Blaise,fblaiserr@example.com,Female,190.112.98.68
